indice,rotulo,previsto
17923,c5,c1
1391,c1,c5
3545,c5,c234
12931,c1,c1
12342,c1,c1
15836,c234,c5
7175,c234,c5
18518,c1,c1
8698,c5,c5
19566,c1,c1
7538,c5,c234
3485,c234,c5
6339,c5,c5
8322,c1,c1
6275,c1,c1
6346,c1,c5
1379,c1,c5
14319,c5,c5
11835,c5,c5
6034,c1,c1
7382,c234,c1
11855,c5,c5
13461,c5,c234
6751,c1,c1
2996,c234,c1
17630,c234,c1
12896,c1,c234
3395,c234,c1
8233,c234,c5
14003,c234,c1
9443,c5,c5
4048,c5,c234
8739,c5,c234
20057,c1,c1
6154,c1,c1
19850,c5,c5
1251,c5,c234
13235,c5,c234
7440,c1,c5
9084,c1,c1
19503,c234,c5
11212,c1,c234
14468,c234,c5
2328,c234,c1
9075,c234,c1
320,c5,c1
4426,c234,c1
13306,c234,c234
3407,c5,c234
5275,c5,c5
2493,c234,c5
10779,c234,c234
18699,c5,c5
5323,c234,c234
4216,c1,c1
13350,c1,c1
2888,c1,c1
1999,c234,c234
16470,c1,c234
19469,c234,c234
16100,c5,c5
1198,c1,c1
14825,c1,c1
10849,c1,c1
15534,c1,c1
11052,c5,c1
15433,c5,c234
19125,c1,c234
8931,c234,c234
16063,c234,c5
11000,c1,c234
7539,c1,c5
10113,c1,c234
11763,c1,c5
10955,c1,c5
6980,c5,c1
16843,c1,c1
12021,c234,c234
19958,c234,c234
7881,c1,c1
11950,c234,c1
11585,c1,c1
17712,c234,c5
6526,c5,c5
18379,c5,c5
4431,c5,c5
7492,c234,c5
15418,c1,c5
16519,c5,c1
2366,c1,c234
2803,c234,c5
5180,c234,c5
19297,c5,c5
3962,c1,c1
3607,c5,c234
923,c234,c5
738,c5,c5
15666,c1,c1
18950,c234,c5
3999,c1,c5
4697,c1,c1
6358,c234,c5
14906,c5,c5
2712,c234,c5
8305,c234,c234
11020,c5,c5
14260,c1,c1
17440,c234,c234
6268,c1,c234
340,c1,c1
7482,c234,c5
6602,c1,c5
18019,c1,c234
18353,c5,c5
15790,c1,c5
4927,c234,c1
9134,c234,c1
18188,c5,c5
16021,c1,c234
18932,c1,c5
1868,c234,c5
18755,c1,c1
13621,c1,c234
19111,c1,c234
17118,c1,c234
7714,c5,c1
2340,c5,c5
5888,c1,c1
6482,c5,c1
13907,c1,c1
2680,c5,c5
14288,c234,c234
1293,c234,c5
1137,c234,c5
9027,c234,c5
20055,c1,c5
9350,c234,c234
12377,c5,c5
18187,c1,c234
10964,c234,c1
14018,c234,c1
8282,c1,c1
5406,c1,c234
17504,c1,c1
10583,c1,c234
13248,c234,c5
18348,c5,c234
15330,c234,c234
5902,c234,c1
2263,c1,c1
13020,c1,c5
4899,c1,c1
9029,c234,c1
17584,c234,c234
15016,c234,c1
7838,c5,c1
10241,c234,c5
8823,c5,c1
6225,c1,c1
5822,c1,c234
19849,c234,c234
7425,c234,c1
17531,c1,c1
1426,c5,c5
3285,c234,c1
13604,c1,c1
5481,c5,c5
1965,c5,c5
13666,c1,c234
17133,c1,c5
18067,c5,c5
5870,c5,c234
11524,c5,c5
3948,c5,c1
1006,c1,c1
16918,c234,c1
7937,c5,c1
14715,c234,c5
14303,c1,c234
7599,c5,c1
9816,c1,c1
14486,c1,c234
14358,c234,c5
17076,c5,c5
9736,c1,c5
7959,c234,c1
3442,c234,c1
5416,c1,c1
11514,c1,c1
2729,c5,c234
17307,c234,c5
15488,c1,c234
4563,c5,c5
138,c5,c5
1545,c1,c1
2533,c234,c1
17810,c5,c5
15141,c1,c234
214,c1,c5
16430,c234,c1
15951,c5,c1
1653,c234,c5
8789,c1,c5
19444,c1,c1
10457,c234,c234
7743,c5,c5
15213,c234,c234
18059,c234,c5
19793,c234,c1
12915,c1,c234
14102,c234,c1
6162,c5,c234
7534,c5,c234
17293,c5,c5
874,c234,c234
2549,c5,c5
8860,c234,c234
17991,c234,c5
12037,c1,c1
15172,c234,c234
16042,c1,c1
10069,c234,c234
16609,c5,c1
2753,c1,c1
3375,c5,c234
7185,c234,c5
799,c234,c234
12388,c1,c1
489,c5,c234
18469,c1,c234
12967,c5,c5
9518,c234,c5
19676,c234,c5
16773,c1,c1
19955,c234,c5
15829,c234,c1
7045,c1,c1
2571,c234,c5
8964,c5,c1
15008,c234,c234
19160,c5,c1
11667,c1,c234
4855,c5,c5
17170,c234,c234
1604,c1,c1
6675,c234,c5
12560,c234,c1
17208,c234,c5
10472,c234,c1
2778,c234,c234
4673,c1,c1
13871,c234,c1
7662,c5,c5
15588,c5,c5
3667,c1,c1
15514,c5,c234
15859,c234,c1
15924,c5,c5
8948,c1,c1
9756,c234,c234
5066,c234,c5
19777,c234,c1
9901,c234,c5
3859,c234,c234
3944,c5,c5
11131,c5,c1
15989,c234,c234
5266,c1,c1
1585,c234,c5
4266,c234,c5
15422,c5,c5
3470,c234,c234
4099,c5,c5
3336,c234,c234
16521,c5,c5
5929,c1,c1
19354,c1,c1
5907,c1,c234
13674,c234,c5
7352,c234,c5
17552,c5,c234
8107,c234,c234
830,c5,c1
349,c5,c234
6376,c1,c234
9039,c234,c234
2582,c5,c5
13659,c5,c5
19280,c234,c5
4828,c234,c234
14889,c234,c5
14098,c5,c234
10058,c234,c1
2993,c5,c5
9176,c234,c234
19846,c234,c5
11921,c1,c5
19063,c1,c1
18312,c5,c5
11871,c234,c1
2207,c5,c5
6767,c234,c1
3008,c5,c234
8206,c1,c1
4391,c234,c234
3104,c234,c1
14149,c1,c1
16300,c1,c5
14717,c5,c234
4763,c5,c5
1505,c1,c234
17326,c5,c5
17652,c1,c234
14270,c5,c5
4914,c5,c234
7773,c1,c1
15930,c5,c5
4593,c234,c234
17339,c5,c5
10749,c234,c5
8787,c5,c5
1499,c234,c234
5248,c1,c1
16980,c5,c5
8423,c1,c1
4618,c1,c1
2393,c1,c234
9175,c234,c1
1007,c5,c234
9890,c1,c1
11762,c5,c5
4334,c1,c234
11094,c1,c1
10892,c1,c5
19814,c1,c1
11019,c5,c5
5701,c5,c1
8203,c234,c234
6185,c1,c234
16828,c1,c1
3036,c1,c1
14629,c5,c5
159,c5,c5
7493,c1,c1
18585,c5,c5
1692,c5,c5
13304,c5,c5
6216,c1,c234
2484,c1,c1
8874,c5,c5
16146,c5,c5
6915,c234,c234
17283,c1,c1
5709,c5,c1
17054,c1,c1
6671,c234,c5
10879,c5,c5
16747,c5,c5
1368,c1,c1
18136,c1,c5
16587,c234,c5
2497,c1,c1
17182,c234,c1
17683,c1,c234
12088,c234,c1
1927,c234,c234
456,c5,c234
15015,c234,c1
9460,c1,c234
7401,c5,c5
6175,c1,c1
3771,c5,c5
14651,c1,c5
19744,c1,c1
8460,c234,c234
14655,c1,c234
7092,c234,c1
12391,c1,c234
8212,c1,c234
16416,c5,c234
16956,c5,c234
141,c5,c234
7851,c5,c1
2033,c1,c1
782,c234,c234
4109,c5,c5
12389,c5,c1
16427,c234,c234
5299,c5,c1
10533,c5,c5
1317,c1,c5
11526,c1,c1
1320,c234,c1
5426,c5,c234
14681,c5,c1
3577,c234,c5
10151,c5,c234
17525,c1,c234
16592,c5,c5
16608,c1,c5
19143,c234,c5
17310,c234,c234
4432,c1,c234
5365,c234,c5
10064,c1,c5
10060,c5,c5
12934,c1,c5
13138,c5,c234
16357,c1,c234
15390,c5,c5
19187,c234,c1
12317,c1,c234
2874,c234,c234
12839,c5,c234
1523,c5,c5
7113,c1,c1
7227,c234,c5
3430,c234,c5
3444,c1,c234
17742,c5,c234
14686,c1,c1
9742,c234,c5
7098,c234,c1
9670,c234,c234
13778,c1,c5
14548,c1,c1
7487,c234,c234
9448,c234,c234
13152,c1,c1
3851,c5,c234
18069,c1,c1
1448,c5,c5
16214,c234,c1
15894,c5,c5
6955,c1,c1
8945,c234,c1
4482,c1,c1
1855,c234,c234
13331,c234,c5
10809,c234,c234
3848,c234,c234
4188,c1,c1
7520,c1,c234
7645,c5,c234
14517,c1,c1
4519,c1,c5
9625,c1,c1
13670,c1,c1
956,c5,c5
13279,c5,c5
6882,c5,c234
10266,c1,c1
3419,c234,c5
14152,c1,c1
6497,c5,c5
6266,c5,c5
8009,c234,c234
19921,c5,c5
4754,c234,c1
1634,c5,c5
18800,c234,c5
11113,c234,c5
13828,c5,c5
1685,c1,c5
109,c234,c5
15685,c5,c5
6540,c234,c234
18851,c234,c234
14167,c234,c5
13914,c5,c234
15469,c234,c1
5468,c1,c1
13214,c5,c5
16547,c1,c1
19067,c1,c1
17238,c1,c234
10336,c234,c5
1841,c5,c5
9506,c234,c234
18812,c234,c5
12075,c1,c234
802,c5,c5
17414,c5,c234
17925,c1,c234
16921,c5,c5
10619,c1,c1
13244,c1,c1
4242,c234,c1
891,c5,c234
12274,c234,c234
1339,c1,c234
13739,c234,c5
10971,c234,c234
1414,c5,c5
879,c234,c1
15810,c1,c234
7149,c234,c5
5936,c5,c5
7910,c5,c234
14683,c1,c1
1606,c1,c1
15870,c1,c5
17600,c5,c5
7179,c5,c5
17992,c234,c1
15307,c234,c234
1000,c234,c1
11022,c1,c234
15228,c234,c234
7591,c5,c5
4376,c234,c5
54,c5,c5
11125,c234,c5
1047,c234,c5
984,c1,c1
661,c5,c5
6200,c5,c234
17709,c5,c1
11955,c1,c234
6158,c5,c5
14277,c5,c5
8794,c5,c5
6712,c234,c1
10876,c5,c5
67,c1,c5
15744,c1,c1
8260,c1,c234
11916,c5,c234
12862,c234,c5
10495,c5,c5
12087,c5,c1
16575,c1,c1
13917,c234,c5
16219,c1,c5
15063,c234,c234
15460,c1,c1
4198,c234,c5
7649,c5,c5
10736,c5,c5
7576,c1,c1
10133,c5,c5
12466,c5,c5
7058,c1,c1
17393,c1,c1
7513,c5,c5
7435,c234,c234
7836,c234,c234
15809,c5,c5
9674,c5,c234
19343,c1,c1
14063,c1,c1
6435,c234,c234
5550,c1,c234
12040,c234,c5
10005,c234,c5
4031,c1,c1
288,c1,c1
16823,c5,c5
5767,c234,c234
13208,c5,c5
17929,c5,c5
18954,c5,c5
5337,c1,c1
11735,c5,c5
7667,c1,c1
18591,c234,c5
1463,c234,c234
5637,c1,c5
12633,c5,c1
17959,c1,c1
9928,c1,c1
14481,c1,c1
19570,c5,c5
11347,c1,c1
2041,c1,c1
8384,c1,c1
19934,c5,c5
19097,c234,c1
17835,c1,c1
17554,c1,c1
5246,c1,c5
9795,c234,c5
1180,c5,c5
2927,c1,c234
18048,c234,c5
3884,c1,c1
3609,c234,c5
15529,c5,c5
12366,c1,c5
11155,c1,c234
9560,c234,c5
622,c5,c5
14782,c5,c5
15628,c1,c1
1262,c5,c1
17080,c5,c234
16851,c1,c234
4817,c5,c1
11809,c1,c1
5696,c1,c5
3471,c234,c234
1876,c5,c5
7720,c5,c1
15992,c5,c1
9844,c5,c5
17210,c5,c5
10899,c1,c234
10627,c5,c5
4874,c1,c234
18412,c5,c234
17500,c5,c5
9329,c1,c5
7660,c1,c234
6726,c1,c234
12141,c1,c1
17483,c5,c5
5386,c234,c5
17724,c5,c5
6905,c1,c1
4580,c5,c5
4887,c5,c5
9574,c5,c5
17966,c234,c5
18890,c1,c5
11450,c5,c5
244,c234,c1
998,c234,c1
9661,c1,c1
13201,c1,c1
2580,c5,c1
1672,c5,c234
5310,c1,c1
7015,c1,c1
5414,c5,c234
4244,c1,c1
17952,c234,c234
4933,c1,c1
8379,c5,c5
2781,c234,c5
9289,c234,c5
11888,c234,c5
15702,c5,c5
15772,c5,c5
1856,c234,c234
2896,c5,c234
18426,c5,c5
10794,c234,c5
10142,c5,c234
4706,c5,c1
16358,c5,c5
14936,c234,c5
8220,c5,c234
18903,c1,c1
10825,c5,c5
8217,c5,c234
5408,c1,c1
12353,c5,c234
13773,c234,c234
11330,c1,c5
1117,c5,c5
7900,c1,c234
15639,c1,c234
17958,c5,c1
10103,c5,c5
14124,c5,c5
15243,c234,c234
6695,c5,c5
15510,c234,c5
12585,c5,c5
5150,c234,c234
8771,c5,c1
11595,c234,c234
16767,c5,c5
19455,c234,c1
12690,c234,c5
9792,c5,c5
4708,c5,c5
6067,c1,c5
18346,c234,c5
2977,c1,c1
19987,c5,c5
8791,c1,c1
14854,c5,c5
597,c1,c234
13619,c5,c234
15152,c234,c5
7208,c1,c234
11263,c5,c234
17942,c1,c5
4928,c234,c5
2528,c5,c234
4647,c234,c234
13072,c234,c5
5077,c234,c234
8,c1,c5
706,c234,c1
11984,c234,c234
10117,c1,c5
11388,c1,c1
19684,c1,c1
10159,c234,c234
9203,c234,c5
1828,c1,c1
14947,c5,c5
3783,c234,c234
13031,c5,c1
12929,c1,c1
11249,c1,c234
10273,c1,c5
10920,c1,c234
9096,c1,c234
2640,c234,c1
16155,c234,c5
897,c1,c5
14671,c234,c234
805,c1,c5
337,c5,c1
17682,c234,c1
5289,c1,c1
19784,c1,c1
336,c5,c5
9772,c5,c1
9765,c1,c1
2502,c234,c234
11418,c1,c1
3038,c5,c5
588,c1,c1
8881,c234,c234
11299,c234,c234
15553,c5,c234
18799,c234,c1
10104,c5,c1
12005,c5,c5
19162,c234,c1
16863,c234,c5
4564,c1,c234
1266,c234,c1
10673,c234,c234
1496,c234,c234
4707,c234,c1
9045,c234,c1
19738,c1,c1
18533,c5,c5
18983,c234,c1
17294,c5,c5
2070,c5,c5
10934,c1,c1
94,c1,c1
3523,c1,c1
3915,c1,c1
4444,c234,c5
11100,c234,c5
12648,c5,c234
19100,c234,c5
12307,c1,c1
13896,c1,c234
13808,c1,c1
13952,c5,c234
12847,c234,c1
11474,c234,c1
14697,c5,c5
8800,c234,c234
3942,c5,c234
1673,c234,c234
9637,c234,c234
7204,c5,c234
16689,c5,c5
16382,c1,c1
6885,c1,c5
2320,c234,c5
3113,c5,c5
16583,c1,c1
6246,c234,c1
12832,c234,c1
13456,c234,c5
9837,c5,c5
5239,c1,c5
10421,c1,c5
16273,c234,c1
19762,c234,c1
15624,c5,c5
4600,c234,c234
13637,c5,c5
16946,c1,c234
14881,c1,c1
1571,c5,c5
6518,c5,c5
1705,c1,c234
14201,c234,c5
4575,c234,c1
19206,c5,c5
16426,c234,c1
11787,c1,c5
1194,c234,c5
12983,c234,c234
17073,c5,c1
15477,c1,c234
15504,c1,c234
13446,c5,c234
4021,c5,c5
14509,c234,c5
2215,c5,c5
19347,c5,c5
5667,c1,c1
5437,c1,c1
13953,c5,c234
17586,c234,c234
9236,c5,c1
776,c1,c1
19243,c5,c1
10778,c5,c1
14052,c1,c234
3972,c234,c1
19414,c1,c1
15964,c5,c234
551,c234,c1
11940,c234,c5
14473,c5,c234
13697,c5,c5
4418,c234,c1
5442,c234,c5
7386,c5,c234
8613,c234,c5
19462,c234,c234
8357,c5,c1
19112,c234,c234
6433,c5,c5
4397,c5,c234
17858,c1,c234
5172,c5,c5
2097,c5,c234
12749,c5,c1
4668,c5,c5
7680,c5,c234
18784,c1,c1
17204,c5,c5
8048,c1,c1
2884,c1,c1
19193,c234,c234
12265,c1,c1
4926,c1,c1
1306,c234,c234
10148,c5,c234
19417,c5,c5
14405,c1,c1
736,c5,c234
14846,c234,c1
7806,c1,c1
10056,c5,c1
11264,c234,c1
15123,c5,c5
5617,c234,c234
6207,c1,c1
8527,c5,c234
18632,c234,c234
10477,c5,c5
7011,c5,c5
16131,c5,c234
286,c234,c1
9731,c5,c5
6261,c234,c1
1735,c1,c1
19101,c1,c1
8114,c234,c5
1955,c1,c234
9857,c5,c234
2516,c1,c1
5606,c5,c234
10040,c5,c234
16789,c5,c1
707,c1,c1
18720,c5,c5
8763,c5,c5
8903,c1,c1
16944,c5,c234
13299,c234,c234
773,c5,c1
3357,c1,c1
19658,c234,c5
19128,c234,c234
17029,c5,c5
12183,c5,c5
16409,c5,c234
2860,c234,c234
4892,c1,c5
2558,c5,c5
12164,c5,c5
1193,c1,c234
5110,c1,c234
4840,c234,c234
12887,c5,c5
718,c5,c5
17722,c234,c1
19293,c5,c234
14877,c1,c1
19341,c1,c234
7829,c234,c1
8883,c5,c5
6111,c234,c5
15159,c234,c234
16052,c234,c5
13271,c5,c5
1968,c5,c5
4832,c1,c234
13861,c234,c5
14513,c234,c234
10555,c234,c5
9317,c5,c234
8043,c5,c234
15884,c5,c234
12345,c5,c5
13825,c234,c234
4736,c234,c1
13161,c5,c1
4746,c5,c234
6224,c1,c1
19714,c1,c234
3401,c234,c1
16808,c1,c1
8258,c234,c5
16891,c1,c1
15256,c5,c5
7355,c234,c5
3877,c5,c5
9946,c5,c234
7820,c1,c1
4374,c5,c5
18702,c5,c5
7231,c234,c234
12727,c5,c1
14225,c1,c1
13769,c234,c5
3733,c5,c1
18510,c1,c1
9073,c5,c5
14275,c5,c5
17197,c5,c1
3313,c5,c5
12715,c5,c1
16073,c234,c5
3425,c234,c1
8924,c234,c1
1312,c5,c234
8470,c1,c5
7142,c1,c1
16463,c5,c234
10045,c1,c234
585,c234,c1
1784,c5,c5
7211,c5,c1
111,c5,c5
6893,c1,c1
12300,c5,c5
17541,c234,c1
10517,c1,c1
16761,c1,c1
3426,c1,c1
18260,c5,c5
14915,c1,c1
5109,c1,c234
11303,c5,c1
441,c1,c234
15897,c5,c5
4354,c5,c1
4100,c234,c1
9377,c234,c1
5039,c5,c234
7087,c234,c5
13388,c234,c5
1670,c1,c234
19943,c234,c234
11614,c1,c234
2841,c5,c5
1520,c5,c5
12270,c1,c5
1376,c1,c234
19027,c5,c234
16334,c234,c234
13911,c234,c1
12701,c1,c234
2605,c1,c1
16233,c5,c5
15374,c234,c234
11200,c234,c1
462,c234,c5
13806,c1,c1
5874,c5,c5
5570,c1,c1
12347,c5,c1
1820,c5,c234
16,c234,c1
14520,c1,c1
9059,c1,c1
6556,c1,c5
19986,c1,c1
5081,c234,c234
310,c1,c234
6146,c5,c1
19337,c1,c234
11797,c5,c5
81,c1,c1
971,c5,c234
2221,c5,c1
11178,c5,c1
18152,c5,c5
15308,c1,c1
17784,c234,c234
14983,c5,c5
8548,c5,c234
9922,c1,c5
13568,c234,c5
15994,c1,c1
6543,c5,c234
678,c5,c1
8336,c234,c234
1033,c1,c5
5443,c234,c1
9470,c5,c1
12074,c1,c234
2644,c1,c5
3510,c234,c234
15087,c5,c5
16374,c1,c5
12325,c5,c5
9295,c1,c1
4036,c234,c234
6858,c1,c1
1689,c1,c5
15369,c1,c5
17383,c234,c1
14935,c5,c5
7154,c1,c1
15124,c1,c1
1730,c234,c234
13506,c5,c5
10813,c1,c5
12152,c234,c234
14650,c234,c5
17510,c234,c234
19702,c5,c1
8673,c1,c234
9013,c234,c234
13609,c1,c5
14647,c234,c234
12195,c1,c5
11277,c5,c5
17985,c1,c234
10623,c5,c5
8471,c5,c5
19394,c5,c234
18102,c1,c1
10198,c234,c5
6646,c234,c5
11612,c1,c1
4723,c234,c5
1551,c234,c1
17841,c5,c234
18126,c234,c234
16821,c1,c1
15023,c234,c5
11697,c1,c1
17522,c234,c234
9776,c5,c1
6159,c234,c5
16072,c5,c1
11815,c5,c1
15392,c234,c234
15318,c1,c5
19504,c5,c5
5815,c234,c5
12408,c234,c234
1183,c5,c234
13807,c5,c5
12590,c5,c234
12909,c1,c1
16755,c1,c1
2119,c234,c234
6959,c1,c234
14312,c5,c234
1890,c234,c234
34,c5,c5
1385,c234,c234
2195,c5,c5
14259,c1,c5
4794,c5,c5
17097,c1,c234
14943,c5,c5
1886,c1,c1
16936,c5,c1
9595,c5,c5
12254,c1,c1
6616,c5,c5
10535,c5,c1
15568,c234,c1
19600,c5,c5
19435,c234,c5
9810,c234,c1
5477,c234,c5
12404,c5,c5
17338,c1,c5
1713,c234,c5
6588,c1,c1
2538,c234,c234
16410,c234,c1
14411,c234,c234
14673,c1,c1
11250,c1,c1
8411,c1,c234
4650,c1,c234
11730,c234,c5
8127,c234,c1
12199,c1,c234
10354,c234,c5
8879,c234,c5
9151,c1,c234
3486,c234,c234
9486,c5,c5
2893,c5,c234
9300,c1,c1
14896,c1,c1
13023,c5,c234
10427,c5,c5
10340,c234,c234
6623,c5,c5
16638,c234,c5
6963,c5,c1
17389,c5,c1
13781,c234,c1
6127,c234,c234
12201,c234,c5
3788,c234,c1
4784,c234,c234
15363,c1,c234
3842,c1,c234
4636,c1,c234
11334,c1,c1
10191,c1,c1
817,c5,c5
4997,c234,c5
4608,c234,c5
20030,c5,c234
18898,c1,c5
8333,c5,c1
9554,c1,c1
4603,c5,c5
2663,c1,c234
9292,c234,c1
10712,c1,c234
19830,c234,c5
11795,c234,c5
6172,c5,c5
10602,c234,c5
3964,c234,c234
16105,c5,c234
11132,c1,c1
10549,c5,c234
5513,c234,c234
4310,c234,c5
10738,c234,c234
19466,c5,c234
16223,c234,c5
8668,c5,c5
19198,c5,c5
10512,c1,c1
16067,c1,c1
13026,c5,c5
12620,c234,c5
8932,c5,c1
5069,c234,c1
764,c234,c234
17524,c5,c1
10393,c1,c1
7872,c1,c5
11694,c234,c234
17305,c5,c234
15375,c5,c5
1276,c1,c1
4227,c5,c5
16215,c1,c1
11297,c5,c234
20085,c234,c5
1292,c1,c5
13701,c5,c234
15425,c5,c5
3989,c1,c1
6866,c5,c5
10843,c1,c5
9167,c1,c1
8793,c5,c234
5356,c234,c234
4253,c5,c1
8059,c234,c5
10646,c5,c234
6326,c234,c234
12076,c234,c1
18644,c234,c234
9104,c234,c234
12945,c234,c5
12212,c234,c5
14559,c234,c1
10954,c234,c234
16869,c1,c5
10274,c234,c5
1897,c1,c1
3729,c1,c1
3809,c5,c234
19585,c1,c5
8949,c234,c234
3268,c5,c234
10038,c5,c1
15121,c5,c5
19072,c1,c234
8031,c1,c1
1782,c5,c234
3714,c5,c234
11282,c234,c1
16453,c1,c1
17201,c234,c234
17993,c5,c1
2740,c5,c5
19582,c5,c234
18961,c1,c1
8104,c1,c234
16792,c1,c1
5999,c234,c5
17515,c5,c234
14696,c234,c234
8046,c5,c1
1375,c1,c1
4896,c5,c5
6778,c1,c1
12586,c1,c1
11837,c234,c1
13232,c5,c5
15004,c1,c234
18280,c5,c5
19488,c1,c5
7375,c234,c1
10525,c5,c234
19439,c5,c5
3775,c234,c1
1575,c5,c234
5492,c234,c234
13531,c234,c1
7839,c234,c1
6422,c1,c1
12252,c1,c234
11647,c1,c5
7766,c1,c234
7621,c5,c5
7030,c1,c1
9648,c1,c5
14322,c234,c234
5806,c5,c5
2411,c1,c1
4393,c5,c5
8406,c234,c5
1591,c5,c5
10066,c234,c234
1314,c5,c5
20048,c5,c5
15319,c5,c5
5088,c1,c5
6269,c1,c234
10791,c5,c234
2958,c1,c1
13519,c234,c234
17349,c234,c234
3232,c234,c5
17739,c1,c1
18292,c1,c1
2909,c5,c1
8817,c234,c1
12638,c5,c5
14566,c1,c1
14924,c234,c234
2842,c1,c234
17612,c1,c234
2090,c234,c234
18050,c5,c1
6301,c5,c1
6561,c1,c5
1313,c234,c234
18612,c1,c1
4512,c5,c5
2686,c1,c5
4724,c234,c5
18101,c234,c234
11402,c5,c234
6994,c234,c5
11792,c1,c234
7709,c1,c5
18162,c5,c1
3522,c5,c5
11258,c1,c234
11761,c5,c234
13848,c5,c5
13868,c5,c5
10214,c5,c5
19425,c234,c5
11470,c5,c5
11703,c234,c234
7219,c1,c5
1539,c1,c234
19988,c1,c5
4851,c5,c5
2714,c1,c5
8645,c5,c5
6775,c234,c5
92,c1,c1
6500,c1,c234
11722,c5,c5
3096,c1,c1
10435,c1,c5
4039,c5,c5
5461,c5,c234
12660,c234,c234
7047,c1,c5
14443,c5,c5
17569,c234,c234
11783,c1,c5
12804,c1,c234
15006,c1,c234
4994,c234,c234
17730,c5,c234
10984,c1,c5
11699,c234,c234
2490,c1,c1
4544,c1,c1
5899,c5,c1
2345,c1,c1
20003,c1,c1
16054,c234,c1
1304,c1,c1
15725,c5,c5
20050,c1,c5
3039,c5,c5
19356,c1,c1
10197,c234,c5
19615,c1,c1
4745,c1,c5
16849,c1,c234
15878,c234,c5
19728,c1,c1
8610,c1,c1
1067,c234,c234
14942,c1,c1
8971,c5,c5
17856,c1,c1
14711,c234,c234
5348,c5,c234
3284,c234,c5
9631,c5,c234
7951,c1,c234
5430,c234,c5
19266,c1,c1
6043,c5,c5
17672,c1,c1
11340,c1,c1
11660,c234,c5
2422,c5,c1
11025,c5,c234
17647,c234,c5
16562,c1,c234
12900,c1,c1
10613,c1,c1
9015,c234,c5
1584,c234,c5
12932,c1,c5
11905,c234,c1
3893,c1,c5
3161,c5,c5
15880,c234,c5
7081,c234,c1
14891,c234,c1
12530,c234,c1
12228,c234,c1
7699,c234,c234
17479,c1,c1
18234,c5,c5
19326,c5,c5
8600,c1,c1
13444,c5,c5
4329,c5,c1
7786,c234,c5
572,c5,c5
5502,c234,c5
8252,c234,c5
16037,c5,c5
11801,c234,c234
18683,c5,c5
7312,c5,c5
18586,c234,c5
18214,c1,c1
19729,c234,c234
3653,c234,c5
14474,c234,c5
3162,c5,c234
10285,c1,c1
9970,c234,c5
2382,c234,c234
13069,c1,c234
5668,c234,c234
657,c234,c1
20083,c1,c234
9936,c234,c5
18564,c5,c5
12722,c5,c234
9081,c234,c234
1835,c1,c1
4084,c5,c5
13107,c1,c1
18111,c234,c5
5190,c234,c234
1409,c5,c1
12024,c1,c1
7657,c1,c1
9793,c1,c1
14263,c1,c5
409,c1,c234
13345,c234,c1
15726,c234,c5
669,c5,c5
6439,c234,c5
217,c234,c1
4737,c234,c1
9939,c234,c5
18968,c234,c5
8831,c1,c1
10952,c5,c234
9874,c1,c234
7332,c234,c234
20000,c1,c1
8286,c5,c5
2758,c1,c5
8537,c5,c234
1342,c234,c234
2824,c234,c234
14789,c5,c234
14466,c5,c5
976,c1,c1
5689,c5,c5
12499,c5,c5
3504,c234,c234
8325,c1,c5
19686,c1,c234
17688,c5,c234
13839,c1,c1
8805,c5,c5
19911,c234,c5
15316,c234,c5
10937,c1,c1
3138,c5,c5
1516,c5,c234
19869,c1,c5
14773,c1,c5
11750,c1,c5
14720,c5,c5
9123,c1,c234
6329,c234,c234
2671,c234,c234
12940,c234,c5
16705,c234,c234
15755,c234,c234
5409,c234,c1
6672,c234,c234
11834,c1,c234
8136,c1,c5
11393,c234,c234
8428,c234,c234
3543,c1,c5
3700,c5,c234
417,c234,c5
14346,c234,c5
30,c1,c1
15234,c1,c1
3941,c5,c234
19313,c5,c5
11356,c5,c1
9331,c1,c1
10872,c5,c5
13008,c5,c5
7659,c5,c5
11633,c1,c234
14993,c234,c5
3127,c234,c234
8898,c234,c234
18350,c5,c5
868,c1,c1
19415,c5,c1
13367,c234,c5
11516,c5,c5
16938,c234,c1
8469,c234,c5
14803,c1,c234
839,c5,c5
11231,c234,c234
534,c1,c234
16221,c5,c5
17455,c234,c1
18590,c5,c234
8273,c234,c1
18717,c1,c1
5792,c234,c234
12696,c1,c234
13768,c5,c1
3834,c1,c1
6060,c1,c1
4993,c5,c234
13888,c5,c5
16254,c1,c234
6913,c234,c234
2724,c1,c1
3613,c5,c1
15785,c1,c1
1519,c5,c234
300,c1,c5
14917,c5,c5
7536,c1,c1
10201,c234,c5
14700,c234,c234
20088,c1,c1
8155,c234,c234
4371,c1,c5
11372,c5,c5
19809,c234,c1
824,c1,c1
11428,c234,c1
3339,c234,c1
10741,c1,c5
2601,c234,c5
2174,c1,c234
14607,c234,c234
20058,c234,c234
18816,c5,c5
10928,c234,c1
19989,c5,c234
1844,c1,c5
8472,c5,c5
18476,c5,c5
8743,c1,c234
5011,c5,c234
18184,c1,c234
19549,c234,c1
15174,c5,c5
386,c5,c5
9806,c5,c234
12440,c5,c234
3132,c5,c234
10796,c5,c234
7325,c234,c234
14941,c5,c5
17466,c234,c5
12785,c1,c1
10425,c234,c1
10451,c5,c1
2362,c1,c1
13284,c5,c5
18746,c5,c234
6192,c234,c5
12546,c5,c234
16280,c1,c5
15476,c5,c234
10126,c5,c5
14083,c5,c234
15873,c234,c234
12262,c1,c1
16945,c234,c1
5469,c1,c1
4789,c1,c1
10970,c1,c1
5538,c5,c234
13058,c1,c5
13997,c234,c1
18901,c1,c5
5128,c234,c5
3462,c234,c234
2634,c5,c5
2642,c1,c5
5000,c1,c5
14863,c5,c5
6660,c5,c1
11198,c5,c5
593,c234,c5
3403,c234,c1
4467,c1,c5
18008,c234,c234
14213,c1,c1
15074,c234,c5
18100,c5,c5
11919,c5,c234
15519,c234,c5
18374,c234,c1
4081,c234,c1
4451,c234,c234
8516,c1,c1
10119,c234,c1
14853,c5,c5
17315,c5,c5
19588,c5,c5
11821,c234,c234
11427,c5,c5
19264,c1,c1
8927,c1,c1
12618,c5,c5
61,c5,c5
14508,c234,c5
12239,c5,c234
8287,c234,c1
10598,c234,c234
775,c234,c1
1609,c5,c5
344,c5,c5
7955,c234,c5
17492,c1,c1
11732,c5,c5
3569,c5,c5
50,c234,c234
18659,c1,c234
12095,c234,c234
16102,c1,c1
6101,c234,c1
4730,c1,c1
8806,c234,c234
1422,c1,c234
16784,c234,c234
4389,c1,c1
17217,c5,c5
14221,c1,c234
15001,c1,c1
14552,c5,c234
14731,c5,c234
14024,c1,c5
3501,c234,c1
4422,c1,c5
17046,c1,c1
8332,c1,c5
4626,c234,c234
11260,c5,c234
1071,c5,c1
11430,c5,c234
10753,c1,c5
18244,c234,c234
7186,c5,c5
16306,c5,c234
12090,c5,c5
1559,c5,c234
11599,c1,c234
1172,c5,c234
14438,c5,c234
16749,c5,c234
5419,c234,c5
4349,c1,c234
6624,c5,c234
13981,c234,c5
2881,c234,c5
9957,c234,c234
18257,c234,c234
6694,c5,c1
18706,c5,c5
547,c1,c5
13443,c234,c5
14918,c234,c1
3589,c5,c234
9710,c234,c5
9021,c1,c5
3582,c5,c5
13805,c234,c234
16531,c1,c1
3332,c5,c5
5021,c5,c5
7050,c234,c5
9462,c1,c234
19758,c1,c1
9494,c1,c1
11923,c5,c5
17788,c234,c234
7442,c5,c1
5885,c5,c5
14057,c234,c1
5515,c5,c1
3804,c5,c1
2456,c5,c234
15719,c234,c234
17561,c5,c1
9150,c234,c1
2967,c234,c1
8656,c234,c1
19115,c234,c234
7238,c1,c1
8941,c5,c5
19755,c234,c5
11286,c5,c5
15282,c5,c5
16122,c234,c1
17549,c234,c5
550,c5,c5
1080,c5,c1
7762,c234,c5
3911,c5,c5
2132,c234,c1
14238,c1,c1
6434,c234,c234
2465,c234,c234
6393,c5,c234
9996,c1,c5
18530,c5,c5
7566,c5,c5
2141,c1,c1
18573,c1,c5
19396,c5,c5
3110,c234,c1
11485,c234,c5
3024,c1,c1
13648,c234,c234
8853,c5,c5
7823,c5,c5
17872,c234,c234
13119,c5,c234
15909,c234,c5
17855,c234,c234
15700,c234,c234
1040,c5,c5
18381,c1,c1
18340,c5,c234
12060,c1,c1
17382,c1,c5
9712,c1,c1
3704,c234,c234
4909,c5,c5
19044,c1,c1
4941,c234,c1
19473,c1,c1
649,c234,c5
7891,c5,c234
17782,c1,c1
1168,c234,c5
10134,c1,c1
9633,c1,c1
17128,c234,c1
13230,c1,c1
8869,c234,c5
366,c1,c1
4065,c1,c5
15574,c1,c1
2795,c234,c1
6495,c1,c234
6708,c1,c5
904,c1,c1
5112,c234,c5
17924,c234,c5
19321,c5,c5
18247,c234,c5
5758,c234,c234
10856,c1,c234
6779,c234,c5
7990,c1,c1
2312,c234,c5
12608,c1,c5
5556,c1,c234
9873,c5,c5
6092,c5,c234
5322,c1,c234
12860,c234,c5
18781,c234,c1
12259,c1,c1
11273,c234,c5
3060,c5,c5
6243,c1,c1
13021,c234,c1
18948,c234,c1
16544,c234,c234
7102,c1,c5
12330,c5,c1
11296,c1,c1
15028,c1,c1
9801,c1,c5
6074,c5,c5
13397,c1,c5
2000,c1,c1
4906,c234,c234
16877,c1,c1
4566,c5,c5
12375,c5,c234
2735,c5,c5
12746,c234,c5
5937,c5,c5
17333,c5,c5
10032,c1,c1
554,c5,c5
16443,c234,c234
14480,c5,c5
10468,c1,c234
17005,c5,c5
8221,c5,c234
18132,c5,c5
6418,c234,c1
17018,c1,c1
10320,c1,c1
11646,c5,c234
9972,c234,c234
10771,c234,c5
8818,c234,c234
4290,c1,c1
10664,c5,c1
5726,c234,c234
14538,c234,c234
12809,c1,c5
19773,c1,c234
8211,c234,c5
7247,c234,c234
1444,c234,c1
491,c234,c1
11754,c5,c5
8187,c5,c1
17605,c234,c234
2140,c234,c234
14401,c5,c5
9771,c1,c234
3229,c234,c234
4179,c5,c5
8108,c1,c234
6460,c5,c234
9141,c1,c234
4311,c234,c234
17834,c1,c5
5917,c234,c1
2209,c1,c5
19105,c234,c234
14125,c1,c234
13381,c234,c234
8056,c5,c234
9490,c234,c5
3770,c5,c234
15472,c5,c5
17579,c5,c234
1564,c5,c5
1456,c1,c5
8237,c5,c5
3477,c234,c5
14006,c5,c5
6287,c5,c234
9942,c1,c5
2196,c1,c234
3960,c234,c5
8278,c1,c5
10857,c234,c1
1128,c234,c234
4295,c5,c234
3106,c5,c234
9641,c5,c234
2607,c5,c5
15555,c5,c5
17888,c234,c5
19529,c234,c234
10631,c1,c234
16757,c1,c1
18444,c234,c234
7880,c5,c5
9481,c1,c1
1624,c1,c5
18561,c5,c5
12261,c234,c5
11891,c234,c5
12488,c1,c1
7202,c234,c234
4214,c5,c1
18721,c1,c1
2569,c234,c234
1192,c1,c1
6214,c234,c1
18509,c234,c234
15877,c1,c1
1936,c1,c1
9985,c5,c234
6717,c234,c234
10306,c1,c234
473,c234,c234
6805,c1,c1
12161,c5,c5
13433,c1,c234
11914,c1,c5
5318,c234,c1
13745,c1,c1
19441,c5,c1
9796,c234,c5
14300,c234,c1
11163,c5,c5
14688,c1,c5
4830,c1,c1
14365,c5,c234
15615,c5,c5
16992,c234,c1
6607,c234,c1
6149,c1,c1
12510,c5,c5
18774,c1,c234
19232,c234,c5
16628,c1,c1
2208,c5,c5
10921,c234,c234
12423,c1,c1
16649,c234,c1
3780,c5,c5
12457,c234,c1
13655,c234,c5
11631,c5,c5
3288,c1,c1
1486,c5,c234
16534,c1,c234
12624,c5,c5
18665,c234,c5
19675,c234,c234
354,c1,c1
3340,c234,c1
18392,c234,c234
10267,c234,c1
11644,c1,c234
845,c1,c234
16163,c234,c5
11937,c5,c234
10808,c1,c1
19915,c1,c234
1060,c234,c234
3072,c5,c234
10303,c5,c1
8717,c1,c234
13164,c5,c1
9117,c1,c1
18599,c234,c1
12716,c1,c5
16206,c1,c5
7866,c1,c1
10456,c1,c5
929,c1,c1
847,c1,c234
7543,c234,c1
15088,c5,c234
12758,c234,c1
8461,c5,c5
13184,c5,c5
10453,c1,c5
2705,c1,c234
18035,c1,c234
3744,c5,c5
13588,c234,c234
6392,c5,c5
16822,c5,c1
15863,c1,c234
7157,c5,c5
693,c234,c234
6153,c1,c234
19783,c5,c1
10462,c234,c234
14388,c234,c234
17309,c1,c1
1244,c5,c234
13772,c234,c234
5121,c5,c1
11106,c1,c234
2968,c234,c234
8002,c5,c5
1003,c234,c1
15182,c234,c5
8131,c5,c1
15048,c234,c1
18675,c234,c234
17106,c1,c1
6288,c234,c1
11332,c234,c1
3502,c5,c234
13901,c234,c5
9927,c1,c1
15002,c234,c234
7608,c1,c5
12225,c5,c234
4057,c5,c1
12269,c234,c5
15617,c1,c1
9354,c234,c1
10494,c1,c5
9818,c1,c1
9555,c1,c234
3617,c1,c5
4410,c1,c234
10349,c1,c1
16369,c5,c234
6321,c5,c5
16208,c5,c5
1537,c1,c1
11863,c1,c1
10635,c234,c1
14866,c234,c234
15613,c1,c5
8995,c1,c1
7801,c1,c1
3021,c1,c5
14067,c1,c1
15939,c1,c1
10655,c1,c5
853,c5,c234
36,c5,c1
20,c1,c5
16289,c234,c5
1141,c1,c5
10452,c234,c234
5753,c5,c234
16466,c5,c5
708,c5,c234
5687,c234,c1
6223,c234,c5
17879,c5,c5
6780,c5,c5
16442,c5,c5
18889,c5,c5
10667,c5,c5
8976,c5,c5
174,c1,c234
12245,c5,c234
158,c1,c1
12775,c1,c5
6869,c5,c5
8335,c5,c234
6550,c234,c1
17084,c1,c1
4252,c5,c5
8011,c1,c5
3611,c234,c1
12221,c5,c5
15320,c5,c234
16401,c5,c5
3779,c234,c234
16152,c1,c5
1569,c5,c234
855,c234,c1
12166,c1,c5
177,c5,c234
18434,c234,c234
181,c1,c1
10328,c234,c234
4846,c234,c234
8079,c1,c1
6413,c5,c5
13296,c5,c234
12441,c234,c1
16101,c5,c5
6720,c5,c5
10824,c1,c5
2541,c234,c5
18527,c5,c5
13324,c5,c5
5901,c1,c234
8986,c1,c234
19872,c5,c234
1319,c1,c1
15728,c5,c5
3223,c234,c1
13423,c5,c5
4943,c234,c234
9364,c1,c1
10400,c1,c1
17508,c234,c234
8975,c234,c234
16818,c5,c5
17085,c5,c5
8216,c1,c1
6534,c234,c234
6867,c5,c1
13082,c5,c234
8671,c234,c1
10610,c5,c5
16123,c234,c234
3995,c234,c234
19285,c5,c5
10470,c5,c5
13001,c234,c1
5683,c5,c234
780,c5,c5
5863,c234,c234
17223,c5,c1
3575,c1,c1
18982,c234,c1
15607,c234,c5
14462,c234,c1
4631,c234,c234
15136,c5,c1
15161,c5,c5
2180,c234,c234
19470,c234,c1
7310,c5,c5
3107,c5,c5
7326,c234,c234
9209,c5,c5
7757,c1,c1
9247,c1,c1
1696,c5,c234
3668,c5,c234
290,c1,c234
2390,c234,c234
13775,c1,c1
18552,c5,c1
5825,c1,c1
1799,c5,c234
1110,c1,c234
9911,c234,c1
13379,c1,c5
15497,c1,c1
4025,c5,c5
7101,c234,c234
11929,c5,c234
19952,c5,c234
2298,c234,c5
18046,c234,c234
14150,c234,c1
5990,c5,c234
11907,c1,c234
11167,c1,c1
26,c5,c5
12901,c5,c234
10908,c5,c234
10645,c5,c5
6453,c234,c5
11878,c1,c1
11126,c234,c234
7321,c1,c234
12028,c234,c5
3706,c5,c234
13682,c1,c5
12473,c1,c234
10008,c234,c234
1747,c234,c234
11265,c1,c5
7545,c234,c234
9171,c5,c234
16159,c5,c1
18786,c1,c1
10634,c1,c1
18693,c234,c5
19834,c234,c5
14243,c1,c1
9570,c5,c5
19157,c1,c234
11690,c234,c1
15207,c234,c234
8644,c1,c1
19579,c1,c234
9669,c1,c1
9143,c234,c1
6638,c5,c234
7451,c5,c5
8152,c1,c1
19210,c5,c234
11836,c5,c5
3873,c1,c1
16107,c234,c5
7640,c5,c234
1419,c1,c1
16862,c5,c234
2426,c5,c234
2371,c234,c234
363,c234,c234
19982,c1,c1
10491,c1,c1
16393,c234,c5
16896,c5,c234
8088,c5,c5
6131,c234,c234
5363,c1,c234
12436,c5,c234
17580,c234,c5
16141,c1,c1
6084,c5,c234
722,c234,c5
10617,c1,c1
18565,c1,c1
12332,c1,c234
5852,c234,c234
17848,c5,c5
2240,c234,c1
9824,c5,c5
7112,c234,c5
4355,c234,c234
865,c5,c5
15865,c1,c1
16790,c234,c5
6722,c1,c1
16623,c234,c234
19478,c234,c234
15427,c1,c5
13146,c5,c234
6317,c1,c1
322,c5,c5
14583,c5,c1
4028,c5,c5
6108,c5,c5
9991,c5,c5
18915,c234,c1
11130,c1,c5
4407,c1,c1
683,c5,c5
6001,c1,c234
13333,c5,c234
16854,c1,c1
11179,c5,c5
1226,c5,c234
7970,c5,c5
9334,c1,c234
6549,c1,c1
19596,c5,c5
8547,c5,c234
16512,c5,c234
913,c1,c5
11748,c5,c5
19997,c234,c5
8245,c5,c5
5743,c5,c1
9561,c5,c1
19083,c234,c234
12243,c5,c234
12786,c234,c1
15903,c1,c1
14927,c5,c234
14776,c1,c234
14435,c234,c1
3367,c234,c1
16941,c5,c234
17141,c234,c1
19086,c1,c1
18170,c234,c234
8077,c1,c5
16709,c5,c1
5881,c234,c1
117,c1,c1
2244,c1,c234
14828,c234,c1
10688,c1,c5
18944,c234,c234
12098,c234,c1
12148,c1,c234
4275,c5,c1
15170,c234,c5
5759,c234,c1
715,c234,c5
12654,c234,c5
1511,c234,c1
9964,c234,c5
8579,c234,c1
7043,c1,c5
6445,c1,c1
19800,c1,c1
6256,c234,c1
4209,c5,c5
5456,c234,c1
19863,c1,c1
14132,c5,c5
10369,c234,c234
4429,c5,c5
9409,c234,c234
13908,c5,c5
13612,c5,c234
9048,c1,c5
7334,c5,c234
19305,c234,c234
7410,c1,c234
3216,c1,c5
15675,c1,c234
7005,c5,c1
5006,c1,c5
4940,c1,c5
19114,c234,c1
8951,c1,c5
13225,c5,c5
4398,c234,c234
6109,c1,c5
10501,c5,c234
5157,c1,c1
948,c234,c234
18694,c234,c5
4035,c5,c1
11886,c234,c5
14384,c234,c1
15349,c5,c5
6881,c5,c5
7071,c234,c1
11475,c1,c1
18623,c5,c1
10111,c234,c234
17750,c1,c1
19705,c5,c5
6542,c1,c1
19678,c234,c5
11791,c5,c5
1666,c5,c5
17056,c5,c5
10530,c234,c1
18553,c1,c234
14246,c5,c5
5065,c1,c5
14724,c5,c5
4387,c1,c5
17395,c1,c1
19240,c1,c1
17846,c1,c234
6289,c5,c5
18388,c234,c234
8568,c5,c5
8253,c5,c1
5276,c5,c5
10210,c234,c5
7941,c234,c234
14368,c5,c5
9483,c234,c5
15248,c234,c5
7193,c1,c5
2148,c5,c5
11784,c5,c5
10171,c234,c5
12187,c5,c5
12568,c1,c1
12607,c234,c234
12600,c5,c1
13557,c234,c234
3719,c234,c1
8694,c5,c5
17866,c234,c1
9950,c1,c1
4919,c234,c5
676,c1,c1
16940,c234,c1
7509,c234,c5
5546,c5,c234
15137,c5,c234
3747,c5,c5
15592,c234,c1
11598,c234,c234
2289,c234,c5
10181,c5,c234
4052,c5,c234
15826,c234,c234
12941,c234,c5
9320,c234,c234
5703,c234,c5
3147,c234,c1
9366,c5,c234
3015,c1,c1
14164,c5,c234
17142,c234,c1
5798,c5,c5
13558,c5,c5
8594,c234,c234
7573,c1,c5
14849,c5,c5
615,c1,c1
1780,c1,c1
6437,c5,c5
13253,c5,c5
11544,c234,c234
12490,c1,c1
1136,c1,c234
15321,c1,c5
10380,c5,c5
19229,c5,c5
6764,c5,c5
5733,c234,c5
6105,c5,c5
3245,c5,c5
8631,c5,c234
6040,c5,c5
5567,c1,c5
13318,c1,c234
13887,c5,c234
1297,c234,c5
2732,c234,c5
6451,c234,c234
1415,c1,c5
19557,c234,c1
1090,c1,c1
19081,c1,c1
4915,c5,c1
16907,c5,c5
9370,c5,c5
5685,c1,c1
1330,c5,c5
13580,c234,c234
8664,c5,c5
20045,c1,c1
4957,c234,c5
679,c234,c234
16927,c234,c1
8315,c1,c1
1267,c5,c5
5584,c1,c234
4621,c1,c234
9467,c234,c234
15718,c1,c5
13550,c5,c5
6145,c1,c1
18739,c5,c5
11057,c5,c5
9601,c234,c234
5475,c1,c234
11698,c234,c234
5331,c5,c234
15976,c5,c234
13789,c5,c1
3,c234,c1
160,c5,c5
8884,c1,c1
17899,c5,c234
14031,c1,c1
19233,c5,c5
2219,c1,c5
16003,c234,c234
9291,c1,c1
19926,c5,c5
262,c5,c1
18984,c234,c5
7282,c234,c1
5,c1,c1
17780,c5,c5
1152,c5,c1
2448,c234,c1
15569,c234,c1
13881,c5,c5
10799,c234,c5
4779,c1,c1
19279,c1,c5
19047,c234,c5
10152,c5,c234
13494,c1,c1
19148,c234,c5
19560,c234,c234
2194,c5,c1
17094,c5,c1
4037,c1,c1
8512,c5,c5
11222,c5,c5
9040,c234,c1
13109,c234,c5
6861,c1,c1
5785,c5,c5
4946,c1,c234
1362,c1,c1
418,c234,c234
9014,c5,c5
903,c5,c234
8707,c5,c5
1096,c5,c5
14781,c1,c1
17597,c1,c5
6077,c234,c234
5346,c1,c234
1500,c234,c234
10606,c1,c234
12176,c1,c234
17690,c234,c234
9741,c1,c1
11320,c234,c1
3628,c5,c5
5352,c1,c234
410,c234,c5
9688,c1,c1
6163,c1,c234
15707,c234,c5
14633,c1,c1
12976,c5,c5
1119,c1,c1
3727,c234,c5
16495,c234,c1
6036,c1,c5
5376,c5,c1
11220,c234,c5
8784,c5,c5
13202,c234,c234
18342,c1,c5
18339,c234,c234
16174,c5,c5
4508,c1,c1
11227,c1,c234
8446,c1,c5
8290,c5,c5
323,c234,c5
8528,c234,c1
9234,c234,c234
4514,c234,c1
19756,c234,c5
17938,c5,c5
1487,c5,c234
7431,c234,c234
12629,c1,c1
9948,c234,c5
13838,c5,c1
17822,c234,c234
6311,c1,c234
19202,c5,c5
7882,c234,c234
6970,c234,c5
16325,c234,c234
2675,c234,c5
7319,c5,c5
4205,c5,c5
362,c1,c5
12922,c1,c234
19420,c5,c5
7942,c5,c5
11214,c234,c1
7834,c234,c234
3406,c5,c5
18042,c1,c1
9623,c234,c5
241,c1,c234
18204,c234,c1
19405,c5,c5
18997,c234,c5
15292,c234,c1
5249,c5,c1
6899,c1,c1
8391,c1,c234
9297,c1,c1
4584,c5,c5
15045,c5,c234
15290,c1,c5
11864,c234,c234
4598,c1,c1
7730,c1,c234
8944,c234,c1
12646,c1,c234
2809,c1,c5
6949,c234,c5
8179,c234,c234
8028,c1,c1
2793,c5,c234
7276,c1,c1
7155,c234,c5
18249,c234,c234
3010,c5,c5
4240,c5,c5
7898,c1,c234
14560,c1,c5
1529,c5,c5
10383,c1,c1
5891,c1,c1
16965,c1,c5
17718,c1,c234
12824,c1,c234
5705,c234,c234
5357,c234,c1
16901,c1,c234
4384,c1,c1
5139,c234,c234
2383,c1,c5
4066,c1,c1
852,c1,c5
1726,c234,c5
4939,c5,c234
7279,c5,c234
13361,c234,c1
13771,c234,c1
3602,c234,c1
16874,c234,c5
11245,c5,c5
15779,c234,c1
7293,c5,c5
12594,c234,c5
15741,c5,c234
4298,c5,c234
19011,c234,c234
16743,c5,c1
15978,c234,c1
18815,c234,c1
10228,c5,c5
17761,c234,c1
844,c5,c5
14105,c1,c1
900,c5,c234
19395,c1,c5
8713,c1,c1
4865,c1,c1
1734,c1,c1
7221,c234,c1
8150,c234,c234
5072,c234,c5
15690,c1,c1
13217,c234,c234
11180,c234,c1
3901,c5,c5
453,c234,c5
1602,c234,c234
18639,c5,c234
18107,c1,c234
10925,c234,c1
15990,c234,c1
606,c1,c234
11624,c234,c5
13905,c234,c5
6058,c234,c1
14576,c1,c234
9722,c5,c5
15946,c234,c5
19685,c5,c234
16579,c1,c1
8137,c234,c234
14227,c5,c234
15089,c5,c5
13466,c5,c5
17945,c5,c5
391,c5,c234
3830,c234,c5
14375,c234,c1
6744,c234,c5
3289,c5,c234
16451,c1,c5
8326,c1,c5
2791,c234,c1
12748,c1,c1
12704,c1,c5
18275,c234,c1
19829,c1,c1
1246,c5,c5
2750,c1,c1
17791,c234,c5
18748,c234,c1
7037,c5,c5
1010,c5,c5
4455,c234,c5
269,c1,c1
15822,c5,c5
4114,c234,c234
12970,c5,c234
7585,c5,c1
17060,c1,c1
9750,c1,c234
5236,c1,c1
6120,c234,c5
2313,c5,c1
3054,c234,c5
13972,c5,c5
9905,c234,c234
15331,c1,c5
11658,c1,c1
4224,c1,c1
15752,c1,c234
10562,c234,c234
10083,c234,c234
9850,c5,c5
18975,c5,c5
17973,c234,c234
10458,c234,c1
16484,c1,c234
16002,c5,c1
19234,c234,c5
8508,c5,c1
14948,c1,c5
11899,c1,c5
10321,c234,c234
2316,c5,c5
6104,c5,c234
4087,c1,c1
12571,c234,c1
15625,c5,c5
1596,c234,c234
8630,c5,c5
19088,c5,c5
16211,c5,c1
9440,c5,c5
8734,c5,c5
12884,c5,c5
3596,c1,c234
18698,c5,c5
1186,c5,c5
13062,c5,c5
10127,c1,c5
12041,c1,c1
8392,c5,c234
1004,c1,c1
11968,c5,c5
5944,c234,c1
5158,c5,c5
4465,c5,c1
3279,c234,c5
4879,c234,c1
840,c5,c1
1436,c234,c5
11425,c5,c5
4177,c5,c5
14838,c1,c5
13019,c5,c234
6361,c234,c234
14273,c234,c234
4677,c1,c234
10546,c5,c5
10509,c234,c1
14019,c1,c1
13651,c5,c5
14791,c5,c5
14458,c234,c5
11390,c1,c1
11959,c5,c5
4443,c5,c5
11339,c234,c1
14503,c1,c1
9794,c234,c1
15832,c5,c5
561,c234,c1
19251,c234,c5
13585,c234,c234
11721,c5,c5
12883,c234,c234
15118,c234,c5
16184,c5,c5
12080,c5,c5
5613,c1,c234
16898,c5,c234
15493,c1,c5
13085,c5,c5
3167,c234,c5
19093,c234,c234
11653,c5,c234
16625,c1,c234
15993,c5,c5
4379,c234,c234
1760,c234,c5
5986,c5,c1
17385,c5,c5
13457,c5,c234
13295,c5,c1
13274,c234,c5
16928,c1,c1
3383,c234,c5
7818,c1,c5
1300,c234,c234
1865,c1,c1
17931,c5,c234
11782,c5,c5
19370,c1,c234
2720,c5,c1
12383,c1,c1
4234,c5,c5
17415,c234,c5
8437,c234,c5
9755,c5,c1
6217,c234,c234
5316,c5,c5
12628,c5,c5
19048,c234,c234
13372,c234,c234
10013,c5,c234
6013,c5,c234
161,c234,c1
11162,c234,c234
16493,c234,c1
7537,c5,c5
1943,c1,c1
16328,c234,c234
10545,c234,c5
10112,c5,c5
4981,c234,c5
4476,c234,c5
11011,c1,c5
8125,c5,c234
14622,c234,c5
176,c5,c5
10868,c5,c5
12067,c5,c5
5945,c234,c1
13744,c234,c5
3519,c234,c234
19107,c234,c5
4860,c1,c1
18322,c234,c234
10643,c234,c234
17264,c5,c5
12412,c1,c234
19722,c1,c234
19214,c1,c1
12434,c234,c5
11951,c5,c234
8169,c1,c234
10912,c5,c5
18507,c5,c5
2687,c1,c234
7348,c5,c5
7612,c1,c5
19113,c5,c5
16805,c234,c234
19700,c1,c1
13474,c1,c1
10116,c5,c234
19015,c234,c234
5857,c5,c5
11618,c234,c1
8419,c1,c5
13633,c1,c5
5666,c5,c234
13374,c5,c1
4717,c5,c5
9753,c5,c5
9684,c5,c5
11868,c5,c234
2932,c1,c1
4601,c1,c5
1681,c234,c1
165,c234,c5
5782,c234,c1
9243,c5,c1
18237,c1,c234
10141,c5,c5
1467,c5,c5
17915,c5,c5
13827,c1,c234
10137,c234,c234
3745,c1,c234
17832,c1,c1
17308,c1,c1
1775,c234,c5
12729,c5,c5
8401,c234,c5
3532,c234,c234
7857,c5,c5
10196,c1,c1
3869,c1,c1
16106,c1,c1
5827,c5,c5
9649,c5,c234
8496,c234,c1
18939,c5,c234
2477,c234,c5
13555,c5,c234
10078,c234,c5
19117,c234,c234
8182,c1,c1
2727,c5,c5
19653,c5,c234
8327,c1,c5
6961,c1,c1
4186,c234,c5
10004,c1,c234
14109,c1,c1
13187,c234,c234
46,c1,c234
2978,c234,c234
8621,c5,c5
19186,c5,c1
4479,c1,c5
14338,c234,c1
18817,c1,c1
9866,c5,c5
1786,c1,c5
4104,c234,c5
12086,c5,c5
914,c5,c1
12096,c5,c5
8146,c5,c5
18604,c5,c234
4670,c234,c5
721,c5,c234
14894,c234,c1
537,c5,c1
3927,c234,c234
4232,c5,c5
17548,c5,c1
6018,c5,c234
9088,c234,c1
1206,c234,c234
16510,c234,c234
11491,c234,c234
5591,c5,c5
12460,c1,c5
1239,c5,c1
18801,c1,c5
4617,c5,c234
51,c234,c1
18511,c234,c1
15443,c1,c1
4757,c1,c234
19218,c1,c1
8329,c1,c5
18406,c234,c5
19369,c234,c5
16148,c5,c1
5440,c1,c1
16130,c234,c5
14372,c1,c234
2055,c5,c234
2897,c5,c234
13194,c5,c5
11522,c5,c1
12535,c234,c234
582,c1,c1
11571,c5,c5
8449,c5,c5
10580,c234,c1
16361,c1,c1
7560,c234,c234
11223,c5,c5
10249,c1,c5
10374,c234,c1
12671,c234,c1
14367,c234,c5
7817,c5,c5
8724,c5,c5
7606,c1,c234
7483,c5,c1
7283,c234,c234
9692,c1,c234
5234,c5,c1
1381,c234,c234
13787,c234,c234
4287,c5,c5
12919,c1,c1
15372,c234,c5
17891,c5,c234
12597,c1,c1
19249,c1,c1
17222,c5,c5
5344,c234,c5
13060,c234,c5
15364,c1,c5
5001,c1,c1
306,c234,c1
11038,c234,c1
3391,c5,c5
16594,c234,c1
5398,c5,c234
13463,c234,c234
10259,c234,c5
16494,c1,c234
12984,c5,c5
4313,c5,c234
6990,c5,c234
12058,c234,c5
15750,c5,c5
11637,c234,c1
11682,c234,c234
3463,c234,c5
13195,c234,c5
8360,c1,c1
5114,c5,c1
14579,c5,c5
8337,c1,c1
17521,c5,c234
11440,c234,c234
10881,c234,c1
6487,c1,c234
2319,c5,c234
2666,c5,c5
9282,c234,c1
1806,c5,c234
7863,c234,c5
5628,c5,c1
18153,c234,c234
14897,c234,c5
8509,c5,c5
123,c234,c1
2659,c1,c1
9690,c5,c234
19789,c1,c1
5152,c234,c234
4974,c1,c1
8728,c1,c1
7042,c1,c1
9375,c234,c5
10513,c234,c5
4360,c5,c5
14178,c234,c234
6978,c1,c1
5087,c1,c234
15151,c5,c5
13541,c5,c234
3643,c1,c234
14345,c1,c5
2354,c5,c5
4552,c5,c234
18589,c234,c234
19454,c234,c5
16573,c1,c234
15546,c5,c5
7198,c1,c5
6215,c234,c1
19421,c5,c5
16177,c1,c1
15858,c5,c5
13811,c234,c234
11630,c1,c1
6297,c5,c5
19165,c234,c234
5755,c234,c234
17377,c5,c5
329,c5,c5
12791,c1,c1
6247,c5,c234
18864,c234,c1
15585,c1,c234
1827,c234,c5
15196,c234,c5
14874,c5,c5
19619,c1,c234
6516,c5,c1
19754,c5,c5
10672,c5,c1
2868,c234,c1
18224,c234,c1
17790,c1,c5
7968,c5,c234
10763,c234,c234
11147,c5,c5
15487,c5,c234
5602,c234,c234
10460,c5,c5
12960,c1,c1
5736,c1,c234
6640,c234,c1
3075,c1,c1
15451,c5,c5
15808,c5,c234
17102,c234,c5
9347,c5,c5
15383,c1,c234
2178,c1,c1
18836,c1,c5
9042,c1,c1
10540,c5,c5
1875,c234,c234
9322,c5,c5
2403,c5,c5
6530,c1,c5
4819,c5,c234
10446,c1,c1
19667,c234,c1
19693,c1,c234
4138,c1,c5
11118,c234,c234
15379,c5,c5
6462,c234,c1
7023,c5,c5
14899,c234,c234
4646,c234,c234
19168,c234,c5
11175,c1,c1
19655,c5,c1
808,c234,c5
3436,c5,c5
9840,c234,c234
14539,c234,c234
19510,c1,c1
266,c234,c234
4146,c5,c5
9965,c234,c234
18969,c234,c5
3778,c5,c5
19204,c1,c5
12268,c234,c1
6061,c5,c234
7965,c5,c5
17553,c234,c5
5078,c234,c234
1790,c234,c1
1112,c5,c234
9358,c234,c1
19871,c5,c5
13188,c5,c5
10343,c234,c234
18397,c5,c5
3642,c5,c5
14394,c1,c5
18099,c234,c1
12392,c5,c5
19927,c1,c234
16724,c234,c234
13040,c5,c5
18962,c5,c5
11317,c5,c5
3767,c1,c5
12223,c5,c234
7336,c234,c5
6976,c1,c5
11281,c5,c234
13594,c5,c1
17916,c234,c5
10342,c234,c234
4984,c234,c5
17172,c1,c5
11648,c5,c5
3136,c234,c1
17330,c234,c1
18827,c234,c234
7299,c1,c1
13243,c1,c1
2981,c1,c5
3472,c5,c234
2633,c234,c5
7670,c1,c1
19360,c5,c1
12354,c5,c1
18265,c234,c5
17405,c1,c234
10844,c234,c1
2013,c5,c5
15705,c5,c234
12483,c5,c5
12229,c5,c1
18539,c5,c234
10237,c5,c5
4935,c5,c1
1929,c234,c234
2065,c234,c234
15806,c1,c1
871,c5,c5
18114,c5,c234
18794,c1,c5
2144,c1,c1
558,c5,c1
4932,c5,c5
7016,c234,c1
14025,c5,c5
14060,c1,c1
4316,c1,c1
9981,c1,c5
5436,c234,c234
16491,c1,c1
4848,c1,c234
12218,c234,c234
5680,c5,c5
9020,c1,c5
18556,c1,c5
10660,c1,c1
1092,c234,c5
17104,c234,c1
10642,c1,c1
18606,c234,c1
10239,c234,c234
2281,c1,c1
920,c234,c1
7012,c5,c5
18433,c1,c5
5651,c1,c5
10358,c234,c234
16033,c5,c5
2424,c5,c234
11486,c1,c234
19862,c234,c234
18384,c1,c5
10820,c1,c1
9754,c1,c1
15586,c1,c5
9306,c5,c1
15482,c5,c234
16283,c5,c5
13530,c5,c5
10279,c5,c5
7059,c234,c5
2706,c234,c5
18872,c234,c234
6037,c5,c5
15643,c5,c5
16032,c5,c5
544,c234,c234
8859,c5,c5
10657,c5,c5
8559,c5,c234
8381,c5,c5
6527,c1,c1
15647,c1,c1
9547,c234,c234
5630,c5,c5
5210,c1,c5
11490,c1,c234
1720,c1,c5
16260,c234,c234
1748,c234,c234
8160,c5,c5
268,c5,c5
19136,c1,c5
2010,c234,c5
9379,c234,c5
15595,c5,c1
1100,c234,c234
261,c1,c5
11799,c5,c5
10579,c1,c5
9092,c234,c1
9582,c234,c234
4674,c234,c234
15407,c5,c5
1041,c5,c5
18189,c234,c5
13029,c1,c234
1989,c1,c234
3270,c5,c5
6211,c1,c1
15325,c234,c1
18279,c234,c1
13876,c1,c1
13950,c5,c234
6078,c5,c1
18349,c5,c5
2542,c1,c234
295,c1,c5
18747,c234,c1
5938,c1,c5
8397,c234,c1
18009,c5,c5
15967,c1,c1
8165,c5,c5
17996,c1,c1
19626,c1,c5
8623,c5,c5
6183,c5,c5
1900,c234,c234
6503,c5,c5
19009,c234,c5
10254,c5,c5
11252,c234,c5
1981,c1,c234
443,c234,c5
8188,c1,c1
640,c5,c5
10375,c5,c5
15362,c234,c5
10088,c234,c234
226,c234,c5
8660,c234,c5
19265,c234,c5
19345,c5,c5
13941,c234,c5
12842,c234,c234
1190,c234,c234
3459,c234,c234
13313,c5,c234
4808,c1,c5
627,c234,c1
10144,c234,c1
2898,c5,c234
8132,c234,c5
18098,c1,c5
5290,c234,c5
602,c5,c234
14702,c234,c1
10866,c1,c1
9393,c1,c234
2744,c5,c234
11525,c5,c5
13236,c234,c5
4774,c5,c5
17911,c1,c1
16580,c234,c5
17896,c1,c1
9842,c234,c5
19042,c234,c5
14765,c1,c1
2053,c5,c5
14015,c234,c5
8533,c234,c5
4338,c5,c1
5829,c5,c5
17025,c1,c1
3737,c1,c1
3026,c5,c5
4262,c234,c234
6706,c5,c234
10188,c1,c5
13141,c1,c1
7546,c234,c1
18399,c1,c1
372,c234,c234
17186,c5,c1
19992,c5,c234
3947,c5,c234
5928,c1,c5
5222,c5,c5
5270,c5,c234
3207,c5,c5
3481,c5,c5
17679,c234,c1
12520,c1,c1
1458,c234,c1
12334,c5,c5
11153,c1,c5
13770,c234,c234
17487,c1,c1
8054,c234,c5
9630,c234,c1
5903,c5,c5
8814,c1,c5
15594,c234,c234
8507,c5,c1
17356,c234,c5
13909,c234,c234
14448,c1,c234
7568,c234,c234
16897,c5,c5
10161,c234,c5
2091,c234,c5
2672,c5,c5
15645,c5,c5
4307,c5,c5
5724,c1,c234
14426,c1,c5
4976,c5,c234
14815,c1,c1
4388,c5,c234
11213,c234,c1
7522,c234,c5
4721,c234,c1
15111,c1,c1
347,c5,c5
1169,c5,c234
18425,c5,c1
4669,c1,c1
807,c5,c5
6868,c234,c5
18437,c234,c234
6235,c234,c234
10953,c1,c5
19457,c1,c5
17800,c234,c234
11199,c1,c1
10173,c1,c5
17502,c1,c1
6939,c234,c1
12798,c1,c1
18744,c234,c234
434,c5,c5
6817,c234,c5
9565,c5,c5
14599,c234,c1
3141,c234,c234
7844,c1,c1
3914,c5,c5
12794,c5,c5
18896,c1,c1
9458,c234,c5
10861,c5,c5
5008,c234,c5
13918,c1,c1
5147,c234,c1
3219,c234,c5
11554,c234,c234
7018,c1,c1
6924,c5,c234
10782,c234,c5
7754,c1,c5
19763,c1,c234
7843,c234,c234
18888,c234,c5
5390,c5,c234
12128,c234,c5
4657,c234,c1
11298,c1,c234
16787,c234,c1
15558,c1,c1
3677,c1,c1
6895,c1,c1
15406,c1,c5
19282,c1,c1
19697,c234,c1
16271,c5,c234
16555,c1,c1
10284,c1,c1
18168,c1,c5
9898,c234,c234
12191,c234,c1
9003,c1,c5
9063,c1,c1
888,c1,c1
17769,c234,c234
17376,c234,c234
7301,c1,c234
14516,c5,c5
1301,c5,c234
5010,c234,c5
2318,c1,c1
19408,c1,c234
18135,c1,c5
17909,c234,c1
15798,c5,c5
13721,c1,c234
5771,c1,c234
5671,c1,c5
15561,c234,c234
17273,c1,c1
16460,c1,c234
11994,c234,c1
9617,c234,c1
4181,c234,c234
12721,c5,c234
10090,c234,c5
6136,c5,c5
4653,c1,c1
13071,c234,c234
17387,c234,c1
10988,c5,c234
15403,c5,c5
17883,c5,c5
18697,c234,c5
7117,c234,c1
15050,c1,c1
149,c234,c234
1642,c234,c1
8433,c234,c5
6921,c234,c1
5019,c5,c5
7678,c234,c234
6450,c1,c234
6444,c1,c5
15722,c5,c5
15135,c5,c234
11541,c234,c1
8453,c234,c234
16929,c234,c5
18682,c234,c5
12263,c234,c234
9727,c5,c234
11543,c5,c5
18867,c1,c5
3598,c1,c5
3154,c1,c1
12207,c5,c1
15094,c234,c1
18771,c1,c1
12576,c5,c234
2416,c1,c1
2650,c234,c5
16785,c5,c5
4682,c5,c1
16095,c234,c234
8121,c234,c234
12410,c234,c5
19978,c5,c5
13462,c234,c1
7275,c234,c234
18695,c5,c234
11924,c234,c5
3052,c1,c1
18017,c5,c5
3496,c234,c234
16352,c5,c234
12864,c5,c1
1036,c5,c234
15597,c5,c5
566,c234,c234
490,c5,c5
10341,c234,c234
2858,c234,c5
1550,c234,c5
18118,c234,c5
11978,c5,c234
5918,c234,c5
9891,c234,c234
10589,c234,c234
219,c234,c5
55,c1,c1
13703,c1,c234
11808,c5,c5
17282,c5,c1
13043,c1,c1
4535,c234,c1
7174,c234,c1
13932,c1,c1
1201,c234,c5
6938,c5,c5
7110,c234,c1
17685,c234,c5
11517,c1,c1
11989,c1,c5
3011,c234,c1
17006,c5,c234
19803,c5,c1
3001,c234,c234
1196,c5,c1
8493,c5,c5
4635,c234,c1
18267,c234,c1
5264,c5,c5
14578,c1,c234
7046,c234,c5
2600,c234,c1
12458,c5,c234
9091,c234,c234
3184,c234,c1
1037,c234,c1
6356,c5,c5
4972,c1,c234
3957,c1,c1
19091,c5,c1
8020,c1,c234
107,c234,c1
6857,c5,c5
16967,c234,c5
3315,c5,c234
17179,c234,c234
17037,c1,c1
12645,c5,c1
234,c234,c234
6307,c1,c5
3027,c234,c234
16859,c5,c1
13450,c5,c234
12403,c1,c234
12059,c5,c1
11409,c234,c234
127,c5,c5
19263,c234,c5
7120,c1,c1
5682,c1,c5
285,c5,c1
18579,c5,c5
17401,c1,c5
19137,c234,c5
13822,c234,c1
2926,c5,c5
16349,c234,c5
15202,c234,c1
13743,c5,c5
6626,c1,c1
6191,c1,c234
16826,c1,c1
13087,c234,c5
18208,c234,c1
17737,c5,c1
6373,c1,c234
1086,c1,c234
18276,c234,c234
15656,c234,c1
2701,c234,c234
9780,c1,c234
13495,c5,c234
8546,c234,c234
12763,c1,c1
7611,c5,c5
17119,c1,c1
10227,c5,c5
1450,c1,c234
3836,c234,c1
733,c1,c1
7701,c1,c1
14283,c234,c1
12264,c5,c1
17292,c234,c234
17655,c234,c5
14123,c5,c234
19933,c234,c234
11964,c1,c1
13737,c5,c234
13329,c1,c234
10695,c234,c1
19561,c5,c5
4328,c1,c1
13340,c5,c1
167,c1,c5
1343,c234,c1
2581,c234,c234
18506,c234,c234
482,c5,c234
8366,c1,c1
17202,c234,c234
5875,c234,c5
17583,c234,c5
3760,c1,c234
6132,c1,c234
5566,c1,c1
16706,c5,c5
11508,c234,c5
3490,c234,c1
7864,c5,c1
13826,c234,c1
1583,c1,c1
17484,c234,c1
12431,c5,c5
15158,c5,c1
9588,c1,c1
12683,c5,c234
14779,c234,c1
19084,c5,c5
8892,c234,c1
7413,c5,c5
2130,c1,c1
5545,c234,c1
7687,c1,c234
19270,c5,c5
14122,c234,c1
2820,c1,c234
13812,c234,c1
14595,c5,c5
2421,c234,c5
5254,c1,c1
17704,c1,c234
15598,c5,c5
13543,c1,c234
11300,c234,c5
4139,c5,c5
11706,c1,c1
14992,c234,c5
4882,c1,c234
14470,c234,c5
6417,c234,c1
16574,c5,c1
4044,c5,c5
9569,c5,c5
6348,c234,c234
6044,c5,c234
19382,c5,c5
19998,c234,c234
11003,c1,c1
1739,c5,c1
5189,c5,c234
5478,c1,c5
15818,c5,c5
2237,c1,c1
8678,c234,c234
14772,c5,c234
19778,c5,c234
7914,c1,c1
2473,c234,c1
17126,c1,c234
13961,c5,c234
12214,c1,c1
2135,c5,c5
11055,c5,c234
11915,c5,c5
15109,c1,c234
8172,c5,c5
9858,c234,c5
5862,c5,c5
12875,c1,c1
2138,c5,c5
10155,c234,c234
12378,c5,c5
18207,c1,c1
1034,c1,c234
4442,c234,c1
8154,c5,c5
18449,c1,c1
6702,c1,c234
4903,c1,c1
66,c1,c234
5810,c1,c5
14202,c1,c1
7053,c234,c234
3640,c234,c1
10781,c234,c1
17733,c1,c234
17517,c1,c234
5175,c5,c5
15959,c234,c234
5934,c1,c5
20013,c5,c5
977,c5,c5
6707,c5,c5
12605,c5,c234
18450,c5,c5
12192,c5,c234
2406,c1,c234
9260,c5,c234
15542,c5,c5
14175,c1,c234
7987,c1,c5
19775,c5,c5
11392,c1,c234
6564,c5,c5
18130,c234,c1
9239,c1,c234
14687,c5,c234
6894,c1,c1
11640,c234,c234
6122,c234,c234
17867,c234,c1
13159,c1,c1
18302,c234,c5
19374,c1,c234
16115,c5,c234
8705,c1,c234
16553,c5,c5
2239,c234,c234
3344,c5,c1
18941,c1,c1
3930,c1,c234
5859,c1,c1
3499,c1,c234
7171,c234,c1
3081,c1,c1
18576,c1,c1
6931,c1,c1
8181,c1,c234
7230,c5,c5
5126,c5,c5
19392,c1,c234
7569,c1,c5
7458,c5,c234
4466,c234,c1
14670,c5,c5
4096,c1,c5
1075,c234,c1
186,c234,c234
16412,c5,c5
12452,c1,c1
8590,c5,c5
13429,c1,c234
8167,c1,c1
18400,c234,c234
13455,c234,c234
6370,c1,c5
854,c234,c5
7187,c1,c5
15131,c5,c5
18538,c1,c5
16471,c5,c5
13559,c234,c234
18060,c5,c5
19404,c5,c5
9154,c5,c1
937,c234,c5
11495,c5,c5
12833,c234,c5
1337,c5,c5
15286,c234,c234
19017,c234,c234
19826,c1,c1
15175,c234,c234
2765,c1,c1
11279,c5,c5
18404,c5,c1
11853,c5,c5
17110,c234,c234
4243,c1,c5
12506,c1,c1
2815,c5,c5
2166,c1,c5
4989,c5,c5
14113,c234,c1
16055,c234,c1
11980,c234,c1
17454,c5,c1
3679,c1,c234
18456,c5,c5
12357,c5,c5
15550,c234,c1
11032,c5,c234
12233,c5,c5
13656,c1,c1
5941,c1,c5
16468,c234,c5
13478,c5,c5
5224,c1,c5
5801,c1,c1
17918,c5,c234
12958,c1,c1
249,c5,c234
1023,c234,c1
13627,c5,c234
2133,c234,c234
12188,c5,c234
13336,c1,c1
11401,c234,c234
15278,c5,c5
10422,c1,c5
13239,c1,c5
5977,c1,c234
18087,c5,c5
4424,c5,c5
1250,c234,c234
4040,c234,c1
326,c1,c234
4849,c234,c1
3248,c234,c234
9881,c1,c1
951,c234,c5
16429,c234,c5
1558,c234,c1
2806,c1,c5
13477,c234,c234
3639,c234,c1
7636,c1,c1
18850,c1,c234
18311,c234,c234
4950,c234,c5
1618,c234,c1
7433,c1,c1
11579,c1,c5
2679,c234,c234
9456,c1,c1
949,c234,c234
15530,c234,c5
9665,c5,c5
18428,c234,c234
10725,c234,c1
5125,c234,c1
7245,c5,c5
17111,c1,c1
17842,c234,c1
9609,c234,c5
1718,c234,c1
15177,c1,c1
13900,c234,c5
7540,c234,c234
12226,c5,c5
18949,c5,c1
13663,c5,c5
15680,c1,c1
16433,c234,c234
6008,c234,c234
16132,c5,c234
11092,c5,c234
1683,c234,c234
5040,c1,c234
709,c1,c234
3173,c5,c5
6270,c234,c5
10280,c5,c5
14362,c1,c5
16783,c234,c5
18895,c234,c234
2305,c5,c5
7357,c5,c5
9545,c234,c234
18089,c234,c5
6396,c1,c1
15350,c234,c234
18788,c5,c5
11407,c5,c5
18049,c1,c1
10550,c234,c5
17763,c1,c5
192,c234,c5
5989,c1,c1
7604,c1,c1
9174,c5,c5
4689,c234,c5
11577,c5,c234
16614,c5,c1
8560,c234,c1
18254,c1,c1
15694,c1,c234
8878,c1,c234
14618,c5,c5
12971,c1,c1
5016,c234,c234
14220,c234,c1
11062,c5,c5
10408,c5,c5
9766,c234,c234
10855,c234,c234
4017,c5,c1
1083,c1,c5
13893,c5,c234
1731,c234,c234
4352,c5,c234
137,c234,c234
16550,c5,c5
18525,c1,c234
16962,c234,c5
10246,c5,c234
6107,c1,c1
11288,c5,c5
18481,c5,c234
9450,c1,c5
3966,c234,c234
19551,c5,c1
703,c234,c5
1438,c1,c234
14625,c1,c1
17854,c1,c5
8097,c5,c234
10297,c1,c5
19891,c1,c1
5381,c1,c1
10684,c234,c234
19496,c234,c5
4632,c5,c234
16746,c1,c5
2998,c234,c234
1507,c1,c1
7949,c234,c5
9532,c1,c234
1913,c5,c5
15689,c1,c1
809,c5,c234
9071,c5,c234
9586,c1,c234
17745,c5,c234
425,c1,c1
10466,c1,c1
12662,c1,c5
13222,c1,c234
9335,c234,c1
3234,c234,c234
2015,c234,c1
7488,c1,c1
14568,c5,c234
12513,c1,c1
15051,c5,c1
14440,c1,c234
7300,c234,c1
5576,c5,c5
6064,c5,c5
19698,c1,c234
5854,c234,c234
16428,c234,c5
3728,c5,c5
13610,c234,c5
16256,c234,c5
16665,c5,c1
18337,c1,c1
12613,c5,c5
6254,c1,c5
9658,c1,c1
16920,c234,c5
15027,c5,c1
13761,c234,c5
5427,c5,c1
423,c1,c1
14442,c234,c234
7322,c1,c5
3603,c5,c234
18345,c5,c5
5794,c5,c5
12515,c234,c5
19271,c5,c1
5967,c234,c234
11377,c1,c1
11078,c1,c1
7437,c5,c234
13016,c1,c1
3982,c234,c234
11111,c5,c234
3736,c1,c5
5823,c5,c5
10893,c5,c234
17588,c5,c1
6188,c234,c5
215,c1,c1
14374,c234,c1
1234,c5,c1
7344,c234,c1
1508,c5,c5
14021,c1,c1
15491,c5,c5
6734,c5,c5
4246,c5,c5
5004,c1,c1
5359,c1,c5
11201,c5,c5
1983,c234,c234
17582,c234,c5
15129,c234,c234
10253,c234,c1
18765,c234,c1
14497,c1,c1
6570,c1,c234
8133,c234,c5
4412,c234,c1
19898,c1,c234
13449,c1,c5
691,c234,c234
1392,c234,c234
14026,c234,c1
3031,c1,c5
6958,c234,c234
898,c234,c5
3710,c1,c234
17485,c1,c234
13180,c1,c1
19201,c234,c5
5789,c5,c5
9785,c5,c5
2127,c5,c234
13929,c5,c5
15323,c234,c234
1917,c234,c234
15868,c234,c234
5341,c234,c5
7686,c5,c5
1995,c5,c5
14307,c234,c234
6605,c1,c5
19817,c234,c234
16987,c5,c5
191,c5,c234
13747,c5,c5
2570,c5,c5
13510,c234,c5
8321,c5,c1
2357,c5,c5
5054,c234,c1
5665,c234,c234
3949,c5,c234
4613,c234,c5
19538,c1,c234
12165,c234,c1
14444,c234,c234
17983,c1,c1
4103,c5,c1
19024,c5,c234
7500,c1,c1
7220,c234,c5
3251,c1,c234
8988,c5,c234
592,c234,c1
4755,c234,c1
5302,c5,c1
9232,c234,c1
15698,c1,c234
16669,c5,c5
9739,c234,c234
12668,c234,c234
10445,c234,c1
9152,c1,c5
4660,c5,c5
12855,c234,c234
7978,c5,c234
5884,c5,c5
2628,c234,c1
8815,c1,c234
10723,c234,c234
19451,c5,c5
7845,c5,c5
2346,c234,c234
15139,c5,c234
17496,c234,c5
