modelo,decodificacao,f1_macro,accuracy,kappa,kappa_quadratico,f1_c1,f1_c234,f1_c5,delta_f1_vs_tfidf
w2v_sg_d100_w5 | media (C=0.01),multiclasse,0.42217707147207234,0.4244837024135357,0.13603180566106876,0.22150871141744743,0.4385826771653543,0.35120435120435123,0.47674418604651164,-0.05564992852792766
w2v_sg_d100_w5 | media (C=0.01),binarios,0.42348464457527846,0.4244837024135357,0.1369241122086754,0.2310508708292217,0.4495830174374526,0.3523118074130684,0.46855910887531443,-0.054342355424721545
w2v_sg_d100_w5 | media (C=0.01),binarios_soma,0.4213390396085494,0.4227419756158248,0.13170159696995887,0.24747766109249936,0.42177453921988856,0.35685848715164675,0.48538409245411285,-0.0564879603914506
w2v_sg_d100_w5 | media_idf (C=0.01),multiclasse,0.4224805540941509,0.4244837024135357,0.13605075544873835,0.21796545332811879,0.44217151848937847,0.35403726708074534,0.4712328767123288,-0.055346445905849084
w2v_sg_d100_w5 | media_idf (C=0.01),binarios,0.42139491268902624,0.4200049763622792,0.12958870432757974,0.22795597266613477,0.4413955311642493,0.3788515406162465,0.44393766628658304,-0.056432087310973766
w2v_sg_d100_w5 | media_idf (C=0.01),binarios_soma,0.4129765893551813,0.4120427967156009,0.11727619915848009,0.23302561571802805,0.43184559710494574,0.4010056568196103,0.4060785141409878,-0.06485041064481872
w2v_sg_d100_w5 | media_max (C=0.01),multiclasse,0.42429529277998324,0.4259766110972879,0.13799416778215634,0.2249938538280538,0.4329073482428115,0.360668185269552,0.4793103448275862,-0.053531707220016767
w2v_sg_d100_w5 | media_max (C=0.01),binarios,0.4252426701257359,0.42373724807165963,0.1349557645489634,0.23324745977271344,0.4470868014268728,0.38512339242266247,0.44351781652767247,-0.05258432987426409
w2v_sg_d100_w5 | media_max (C=0.01),binarios_soma,0.4210791262150672,0.4202537944762379,0.12935946915144747,0.2361860878395412,0.43890675241157556,0.36474381941956285,0.45958680681406305,-0.05674787378493279
w2v_sg_d200_w5 | media (C=0.01),multiclasse,0.4401550777878858,0.4421497885046031,0.16232193782517135,0.2479348824116525,0.4532058940661091,0.3734152900499424,0.493844049247606,-0.037671922212114184
w2v_sg_d200_w5 | media (C=0.01),binarios,0.43510526301802566,0.43418760885792484,0.15062036123146583,0.2556005597003248,0.4550850811238623,0.37903804737975594,0.4711926605504587,-0.042721736981974345
w2v_sg_d200_w5 | media (C=0.01),binarios_soma,0.4216236437116961,0.42100024881811393,0.1282681509881235,0.25907677920716954,0.4154676258992806,0.37952808241940844,0.46987522281639926,-0.05620335628830392
w2v_sg_d200_w5 | media_idf (C=1.0),multiclasse,0.4410957790327126,0.4428962428464792,0.16340705098168717,0.25066629026536746,0.449500998003992,0.3767123287671233,0.49707401032702236,-0.036731220967287426
w2v_sg_d200_w5 | media_idf (C=1.0),binarios,0.42248418261486836,0.42100024881811393,0.1299889837085031,0.24603721244604826,0.4361088211046991,0.3723994452149792,0.45894428152492667,-0.05534281738513164
w2v_sg_d200_w5 | media_idf (C=1.0),binarios_soma,0.4113870580350824,0.4105498880318487,0.11314020844953498,0.23154822342832349,0.40593627237014407,0.37616511318242346,0.45205978855267953,-0.06643994196491759
w2v_sg_d200_w5 | media_max (C=0.01),multiclasse,0.4412443658999159,0.4428962428464792,0.16352696733638128,0.2568253628362015,0.44797458300238285,0.37471612414837246,0.5010423905489924,-0.03658263410008411
w2v_sg_d200_w5 | media_max (C=0.01),binarios,0.43664457827042175,0.4369246081114705,0.15378987818850132,0.2729814916721993,0.43672456575682383,0.37320916905444124,0.5,-0.041182421729578256
w2v_sg_d200_w5 | media_max (C=0.01),binarios_soma,0.4149752509177193,0.4142821597412292,0.11962650461592972,0.26319560699899813,0.4281549354435652,0.3398368215679319,0.47693399574166073,-0.0628517490822807
w2v_sg_d300_w5 | media (C=0.01),multiclasse,0.44667920542391926,0.4476237870116945,0.17099218767421653,0.25212347924091283,0.45841468176493555,0.3885109599395314,0.4931119745672907,-0.031147794576080745
w2v_sg_d300_w5 | media (C=0.01),binarios,0.44705107534933064,0.44637969644190095,0.16796743356086508,0.2617910705071901,0.44093178036605657,0.4159563586771224,0.484265087004813,-0.030775924650669362
w2v_sg_d300_w5 | media (C=0.01),binarios_soma,0.4299595307629025,0.42846479223687484,0.14246077572401317,0.2534488436174045,0.45394481150408084,0.3759717314487632,0.4599620493358634,-0.047867469237097504
w2v_sg_d300_w5 | media_idf (C=0.1),multiclasse,0.4410664630203636,0.44165215227668575,0.1618258973629767,0.23767347759662338,0.4512820512820513,0.3901345291479821,0.48178280863105766,-0.03676053697963638
w2v_sg_d300_w5 | media_idf (C=0.1),binarios,0.43626545031369374,0.43518288131375965,0.15163347517519443,0.24893145201575462,0.4430020283975659,0.3963838664812239,0.4694104560622914,-0.041561549686306265
w2v_sg_d300_w5 | media_idf (C=0.1),binarios_soma,0.42521612190148944,0.4239860661856183,0.13358519374422162,0.2549824430133979,0.4229607250755287,0.3870752831445703,0.46561235748436924,-0.05261087809851056
w2v_sg_d300_w5 | media_max (C=0.01),multiclasse,0.4411887122910801,0.4421497885046031,0.16261791573911766,0.24806853737999857,0.45397324940991346,0.3808446455505279,0.48874824191279886,-0.036638287708919914
w2v_sg_d300_w5 | media_max (C=0.01),binarios,0.4346522290236839,0.4346852450858423,0.15226635299272973,0.24727222467194576,0.4541319181197877,0.37230081906180196,0.47752394988946206,-0.04317477097631611
w2v_sg_d300_w5 | media_max (C=0.01),binarios_soma,0.4260141647718383,0.4244837024135357,0.13498748069622746,0.2611216016206671,0.42755741127348645,0.37771739130434784,0.47276769173768063,-0.05181283522816171
w2v_sg_d200_w10 | media (C=1.0),multiclasse,0.4309870705430541,0.43344115451604875,0.1497994361021705,0.23203009306770683,0.4521132221791392,0.35834970530451865,0.48249828414550444,-0.04683992945694593
w2v_sg_d200_w10 | media (C=1.0),binarios,0.42988546209086675,0.4292112465787509,0.14492042301814356,0.24009464054495866,0.46774193548387094,0.38403990024937656,0.43787455053935276,-0.04794153790913325
w2v_sg_d200_w10 | media (C=1.0),binarios_soma,0.4258627947798102,0.4254789748693705,0.13580871083403623,0.2475466286767023,0.42463393626184326,0.3808209727492239,0.4721334753283635,-0.051964205220189796
w2v_sg_d200_w10 | media_idf (C=0.1),multiclasse,0.43723016992656477,0.4384175167952227,0.15726778809438424,0.2314794596073796,0.458252427184466,0.3775470972702807,0.4758909853249476,-0.04059683007343523
w2v_sg_d200_w10 | media_idf (C=0.1),binarios,0.43004692508666015,0.4289624284647922,0.14357911238907084,0.23614621049510298,0.453954910202522,0.38519045923816303,0.45099540581929554,-0.047780074913339854
w2v_sg_d200_w10 | media_idf (C=0.1),binarios_soma,0.4250952255524328,0.4234884299577009,0.13331656185891216,0.24576433047615753,0.4323181049069374,0.40335592126492414,0.4396116504854369,-0.052731774447567215
w2v_sg_d200_w10 | media_max (C=0.01),multiclasse,0.4263016624520992,0.42771833789499875,0.14080732527353967,0.2209326195187833,0.4376731301939058,0.36619718309859156,0.4750346740638003,-0.051525337547900785
w2v_sg_d200_w10 | media_max (C=0.01),binarios,0.43202575753752154,0.4309529733764618,0.145520034805955,0.24860694039794007,0.4416833667334669,0.3843717001055966,0.4700222057735011,-0.045801242462478464
w2v_sg_d200_w10 | media_max (C=0.01),binarios_soma,0.42502259028242123,0.4224931575018661,0.13228826402565597,0.2662660598125234,0.4372670807453416,0.3939782190903267,0.4438224710115954,-0.05280440971757877
w2v_cbow_d200_w5 | media (C=0.01),multiclasse,0.4327769837739406,0.43443642697188356,0.1513163199970866,0.24160470401946343,0.4606436603334626,0.35941130906274205,0.478275981925617,-0.04505001622605942
w2v_cbow_d200_w5 | media (C=0.01),binarios,0.4319231743592544,0.43020651903458573,0.14526051253666084,0.2504918675005068,0.45612678778507926,0.39440464005458886,0.4452380952380952,-0.04590382564074558
w2v_cbow_d200_w5 | media (C=0.01),binarios_soma,0.4226034435700538,0.4200049763622792,0.12846510023458513,0.271741736294286,0.43773272652047995,0.36639676113360325,0.46368084305607826,-0.0552235564299462
w2v_cbow_d200_w5 | media_idf (C=1.0),multiclasse,0.43607039089457217,0.4374222443393879,0.1555840797469733,0.24729052597718892,0.4515876127009016,0.3683409436834094,0.4882826162994054,-0.04175660910542783
w2v_cbow_d200_w5 | media_idf (C=1.0),binarios,0.43218085455891003,0.4319482458322966,0.1470581454691824,0.259782546048518,0.45454545454545453,0.36396924203588427,0.4780278670953912,-0.04564614544108997
w2v_cbow_d200_w5 | media_idf (C=1.0),binarios_soma,0.42005309080575043,0.41726797710873353,0.12490786544599086,0.2589935032052053,0.44723008491710475,0.38004594683295045,0.4328832406671962,-0.05777390919424957
w2v_cbow_d200_w5 | media_max (C=0.01),multiclasse,0.44717804284417245,0.4486190594675292,0.17224439417287674,0.258702244124163,0.4670611439842209,0.3806970509383378,0.49377593360995853,-0.03064895715582755
w2v_cbow_d200_w5 | media_max (C=0.01),binarios,0.43588290320675455,0.4346852450858423,0.149696798128641,0.2670601453453937,0.4373101952277657,0.42177722152690866,0.44856129286558927,-0.041944096793245456
w2v_cbow_d200_w5 | media_max (C=0.01),binarios_soma,0.4328400510911185,0.4307041552625031,0.14520600918612359,0.2764006557090418,0.4624,0.3705512909979065,0.4655688622754491,-0.0449869489088815
w2v_sg_d200_w5_mc5 | media (C=0.01),multiclasse,0.43751496460792044,0.4396616073650162,0.15896266100745837,0.25438513616732683,0.45539906103286387,0.36180904522613067,0.49533678756476685,-0.04031203539207956
w2v_sg_d200_w5_mc5 | media (C=0.01),binarios,0.43445284135995715,0.4339387907439662,0.15072752520678623,0.25899448271990444,0.4563031709203403,0.36988304093567254,0.47717231222385864,-0.04337415864004285
w2v_sg_d200_w5_mc5 | media (C=0.01),binarios_soma,0.41874587979195727,0.4167703408808161,0.12395531570779639,0.25433785035822065,0.43478260869565216,0.36175353814290645,0.4597014925373134,-0.05908112020804274
w2v_sg_d200_w5_mc5 | media_idf (C=0.01),multiclasse,0.43885149228909626,0.4411545160487684,0.16106186432596936,0.25119361923269923,0.45511811023622045,0.36589147286821705,0.49554489376285127,-0.038975507710903745
w2v_sg_d200_w5_mc5 | media_idf (C=0.01),binarios,0.4393095719009146,0.4394127892510575,0.15869426939192965,0.2629529107831938,0.459375,0.3725925925925926,0.48596112311015116,-0.03851742809908543
w2v_sg_d200_w5_mc5 | media_idf (C=0.01),binarios_soma,0.4221195561846946,0.42100024881811393,0.12913704027686712,0.25571484707596814,0.41910499139414803,0.3775235531628533,0.4697301239970824,-0.0557074438153054
w2v_sg_d200_w5_mc5 | media_max (C=0.01),multiclasse,0.4342954786810798,0.4354316994277183,0.15231983041769248,0.23718306016929658,0.448768864177919,0.3730609156261824,0.481056656239138,-0.043531521318920186
w2v_sg_d200_w5_mc5 | media_max (C=0.01),binarios,0.43225810905562456,0.43020651903458573,0.144525134118905,0.2635118824505611,0.4466640031961646,0.3857972004096961,0.46431312356101306,-0.04556889094437544
w2v_sg_d200_w5_mc5 | media_max (C=0.01),binarios_soma,0.4213790625924518,0.4190097039064444,0.12675686354133953,0.2632910853083785,0.4292887029288703,0.375,0.45984848484848484,-0.05644793740754822
w2v_sg_d200_w5_ep60 | media (C=0.01),multiclasse,0.43702058156674156,0.4389151530231401,0.15760994340283818,0.2510372420523922,0.45569620253164556,0.3644752018454441,0.4908903403231351,-0.04080641843325844
w2v_sg_d200_w5_ep60 | media (C=0.01),binarios,0.4321880644909663,0.4312017914904205,0.14570686604624628,0.25222669410702503,0.44606060606060605,0.3798724309000709,0.4706311565122218,-0.045638935509033696
w2v_sg_d200_w5_ep60 | media (C=0.01),binarios_soma,0.4227867018820248,0.42224433938790745,0.13039315758899417,0.25733539471768363,0.4161490683229814,0.3798994974874372,0.4723115398356556,-0.05504029811797523
w2v_sg_d200_w5_ep60 | media_idf (C=0.01),multiclasse,0.4424533962118347,0.4441403334162727,0.16556448830770243,0.2448593329576092,0.4573002754820937,0.37937668333974606,0.4906832298136646,-0.035373603788165286
w2v_sg_d200_w5_ep60 | media_idf (C=0.01),binarios,0.42643647693126097,0.4257277929833292,0.13739725275798298,0.2494447373030989,0.44570502431118314,0.36533620999640415,0.4682681964861958,-0.051390523068739036
w2v_sg_d200_w5_ep60 | media_idf (C=0.01),binarios_soma,0.4196725392996216,0.42100024881811393,0.12898569378546565,0.2539627114035188,0.4196467040068936,0.35179856115107916,0.48757235274089206,-0.058154460700378385
w2v_sg_d200_w5_ep60 | media_max (C=0.01),multiclasse,0.44029546494199584,0.44190097039064447,0.1621804161040692,0.2550509731232623,0.45644461962948363,0.3705118411000764,0.4939299340964273,-0.03753153505800416
w2v_sg_d200_w5_ep60 | media_max (C=0.01),binarios,0.44310574586647405,0.4428962428464792,0.1630450715638081,0.2813252738090186,0.4496124031007752,0.37934743635711726,0.5003573981415297,-0.03472125413352595
w2v_sg_d200_w5_ep60 | media_max (C=0.01),binarios_soma,0.42145359040489927,0.4180144314506096,0.12594999664343343,0.2775422203082951,0.4435418359057677,0.3750406239844004,0.44577831132452983,-0.05637340959510073
nilc_word2vec-cbow-300d | media (C=1.0),multiclasse,0.42902633416583974,0.4312017914904205,0.14676967231262328,0.22016687148308645,0.44707680550248374,0.36242138364779874,0.47758081334723673,-0.04880066583416026
nilc_word2vec-cbow-300d | media (C=1.0),binarios,0.4305566641946257,0.429957700920627,0.14481419562168552,0.23169051710145072,0.44384407564646855,0.3831944947482796,0.46463142218912884,-0.04727033580537432
nilc_word2vec-cbow-300d | media (C=1.0),binarios_soma,0.4190279148553106,0.4175167952226922,0.12593844422734413,0.22753215515962255,0.4361078546307151,0.3770434782608696,0.44393241167434716,-0.0587990851446894
nilc_word2vec-cbow-300d | media_idf (C=0.01),multiclasse,0.423133206567186,0.4249813386414531,0.13748092558638503,0.20760857380556874,0.4418161007249142,0.36007827788649704,0.46750524109014674,-0.054693793432814
nilc_word2vec-cbow-300d | media_idf (C=0.01),binarios,0.42646271044977463,0.4259766110972879,0.13766113341195463,0.231968468187554,0.4321239298817774,0.38139204545454547,0.4658721560130011,-0.05136428955022537
nilc_word2vec-cbow-300d | media_idf (C=0.01),binarios_soma,0.412841133617579,0.4115451604876835,0.11596095283040453,0.22114410654389038,0.4297385620915033,0.365802382620883,0.44298245614035087,-0.06498586638242099
nilc_word2vec-cbow-300d | media_max (C=0.01),multiclasse,0.43324725388576873,0.43493406319980094,0.152130498613816,0.22432119195546218,0.4483958252802474,0.3722373012795657,0.479108635097493,-0.04457974611423127
nilc_word2vec-cbow-300d | media_max (C=0.01),binarios,0.43242678605317614,0.4339387907439662,0.1486866092993201,0.2334262765030849,0.4175543246697912,0.39198855507868385,0.4877374784110535,-0.045400213946823864
nilc_word2vec-cbow-300d | media_max (C=0.01),binarios_soma,0.4218991410203152,0.42100024881811393,0.1296607503806252,0.237972965150687,0.4176100628930818,0.384223053383203,0.4638643067846608,-0.055927858979684775
nilc_word2vec-cbow-600d | media (C=0.01),multiclasse,0.4371625941554627,0.4386663349091814,0.15790357475155137,0.24852708575219162,0.4604758250191865,0.3654587509637625,0.485553206483439,-0.04066440584453729
nilc_word2vec-cbow-600d | media (C=0.01),binarios,0.44193123380428173,0.4443891515302314,0.1636559153012186,0.257963284847904,0.42002658396101017,0.4008468595624559,0.504920257889379,-0.03589576619571827
nilc_word2vec-cbow-600d | media (C=0.01),binarios_soma,0.43557050114427165,0.43493406319980094,0.15189713805499094,0.26761989960489674,0.46153846153846156,0.36721311475409835,0.47795992714025504,-0.04225649885572835
nilc_word2vec-cbow-600d | media_idf (C=0.01),multiclasse,0.43601186674469566,0.4369246081114705,0.1549706325485909,0.22999582512884087,0.4444444444444444,0.3821752265861027,0.4814159292035398,-0.04181513325530434
nilc_word2vec-cbow-600d | media_idf (C=0.01),binarios,0.4283005474907358,0.426723065439164,0.13963775457489636,0.237834617048998,0.45021645021645024,0.39632902787219576,0.4383561643835616,-0.049526452509264185
nilc_word2vec-cbow-600d | media_idf (C=0.01),binarios_soma,0.4308651487375683,0.4304553371485444,0.14296019295641993,0.2641543979568842,0.42857142857142855,0.38345864661654133,0.48056537102473496,-0.046961851262431686
nilc_word2vec-cbow-600d | media_max (C=0.01),multiclasse,0.44257647230236324,0.4428962428464792,0.16387905203448205,0.24900530371566576,0.4638247946812671,0.3847305389221557,0.4791740833036668,-0.03525052769763676
nilc_word2vec-cbow-600d | media_max (C=0.01),binarios,0.4375525392926695,0.4361781537695944,0.1542692203182945,0.2559609053483204,0.4646153846153846,0.38969290504765264,0.4583493282149712,-0.040274460707330484
nilc_word2vec-cbow-600d | media_max (C=0.01),binarios_soma,0.42722407729403433,0.4247325205274944,0.13657898644440802,0.2681831336667243,0.452249408050513,0.37307823710283566,0.4563445867287544,-0.05060292270596567
nilc_fasttext-cbow-300d | media (C=0.01),multiclasse,0.4337172594763697,0.4361781537695944,0.1539197336855751,0.22983844978849322,0.44573643410852715,0.3667711598746082,0.48864418444597385,-0.044109740523630314
nilc_fasttext-cbow-300d | media (C=0.01),binarios,0.42945910122244374,0.4316994277183379,0.1444442725349846,0.2358288182673427,0.40267857142857144,0.39792746113989635,0.48777127109886326,-0.04836789877755626
nilc_fasttext-cbow-300d | media (C=0.01),binarios_soma,0.41628488428549315,0.41577506842498135,0.12460750896300732,0.22671103232735357,0.450423884998157,0.35544155368266767,0.44298921417565484,-0.06154211571450685
nilc_fasttext-cbow-300d | media_idf (C=0.1),multiclasse,0.42673040902806747,0.4292112465787509,0.14384559852801704,0.2301676711495665,0.4451219512195122,0.3512770137524558,0.48379226211223425,-0.05109659097193253
nilc_fasttext-cbow-300d | media_idf (C=0.1),binarios,0.4259453833240463,0.42622542921124656,0.13696543955861806,0.23088571593665796,0.410675850193715,0.39686861810755614,0.4702916816708678,-0.0518816166759537
nilc_fasttext-cbow-300d | media_idf (C=0.1),binarios_soma,0.40907698864502234,0.4095546155760139,0.11353416584948717,0.2213903368809249,0.4274385408406027,0.33890746934225197,0.4608849557522124,-0.06875001135497766
nilc_fasttext-cbow-300d | media_max (C=0.01),multiclasse,0.4272254912634435,0.42946006469270964,0.14395664070424752,0.21868465745498344,0.4388738912456614,0.36186010160218834,0.48094248094248093,-0.0506015087365565
nilc_fasttext-cbow-300d | media_max (C=0.01),binarios,0.4283670088393199,0.4282159741229161,0.14145709247838312,0.22619797272184594,0.4295409181636727,0.38458768455167447,0.4709724238026125,-0.04945999116068012
nilc_fasttext-cbow-300d | media_max (C=0.01),binarios_soma,0.4134302454371801,0.41477979596914655,0.11970080200856026,0.23540678742832577,0.41047659939888365,0.3516720604099245,0.4781420765027322,-0.0643967545628199
