id,fs_method,modo,modelo_1,modelo_2,acuracia,f1_macro,kappa,mae,vazamento_c1_c5,tempo_segundos
20,svd,direta,LGBM,,0.43654962676251036,0.4346989023004692,0.22953585106855967,0.7138512579485762,544,2.58
19,svd,direta,LogReg,,0.4351672656897982,0.43205877619316,0.23065121374075048,0.7279513408902405,590,1.04
2,none,direta,LGBM,,0.4288084047553221,0.427907711843272,0.2395489107477795,0.7135747857340338,515,15.84
1,none,direta,LogReg,,0.4246613215371855,0.4231703056010942,0.22585661432000714,0.7312690074647498,564,13.06
13,percentile,direta,LogReg,,0.42300248824993086,0.4207538734942527,0.21083148313744116,0.7412220071882776,594,4.51
14,percentile,direta,LGBM,,0.42023776610450647,0.41936675424471,0.2128382147736958,0.7318219518938347,550,8.98
8,kbest,direta,LGBM,,0.42051423831904894,0.41866895560241746,0.21617960288599491,0.7309925352502074,548,2.15
7,kbest,direta,LogReg,,0.42051423831904894,0.41768448634084415,0.2002953196447168,0.7486867569809235,612,0.54
3,none,cascata_binaria,LogReg,LogReg,0.4030964888028753,0.3970426598043126,0.1868086181325388,0.7334807851810893,494,4.39
15,percentile,cascata_binaria,LogReg,LogReg,0.40613768316284216,0.39457947400025595,0.18412126101847082,0.7260160353884435,478,2.31
16,percentile,cascata_binaria,LogReg,LGBM,0.4105612385955211,0.3927261010523157,0.18134183282743566,0.7091512303013547,433,13.32
4,none,cascata_binaria,LogReg,LGBM,0.40143765551562066,0.38836968347485784,0.18256860744400982,0.7174453967376279,430,19.88
23,svd,cascata_binaria,LGBM,LogReg,0.4077965164500968,0.383944217813518,0.17967253279583328,0.7088747580868123,422,2.17
18,percentile,cascata_binaria,LGBM,LGBM,0.4025435443737904,0.38298425891213145,0.17029506583252063,0.7179983411667128,436,16.9
17,percentile,cascata_binaria,LGBM,LogReg,0.40171412773016313,0.3821149877786521,0.1786935196655539,0.7196571744539674,439,5.02
21,svd,cascata_binaria,LogReg,LogReg,0.4058612109482997,0.38206307031814196,0.17532843118455865,0.7160630356649157,441,1.36
24,svd,cascata_binaria,LGBM,LGBM,0.4025435443737904,0.3810646000461375,0.16938192025921406,0.7177218689521703,435,10.24
6,none,cascata_binaria,LGBM,LGBM,0.39839646115565386,0.3797499920252902,0.17708806143693256,0.7174453967376279,419,22.33
11,kbest,cascata_binaria,LGBM,LogReg,0.40143765551562066,0.3790071669882307,0.17293726624766248,0.716892452308543,428,1.74
5,none,cascata_binaria,LGBM,LogReg,0.3948023223666022,0.37432251117402143,0.1713644041749144,0.7293337019629528,449,8.47
9,kbest,cascata_binaria,LogReg,LogReg,0.40060823887199337,0.37290405809193955,0.14449499104552532,0.7309925352502074,476,0.98
22,svd,cascata_binaria,LogReg,LGBM,0.39894940558473874,0.37162132247672325,0.16127891215043988,0.721316007741222,435,10.07
12,kbest,cascata_binaria,LGBM,LGBM,0.3895493502902958,0.3686415146046753,0.17087863078120813,0.7246336743157312,413,15.58
10,kbest,cascata_binaria,LogReg,LGBM,0.386508155930329,0.35533844877840665,0.14682196879890153,0.7323748963229195,430,9.1
