remocao,modelo,f1_macro,accuracy
n = 0,Baseline TF-IDF + LogReg,0.4647566493904364,0.46752923612839015
n = 0,"TF-IDF (1,2) + LinearSVC",0.47872388367615365,0.47997014182632497
n = 0,"TF-IDF (1,2) + ComplementNB",0.4762264607864369,0.4769843244588206
n = 0,"TF-IDF (1,2) + MultinomialNB",0.47460559827758103,0.47574023388902714
n = 10,Baseline TF-IDF + LogReg,0.46005179683977643,0.4630505100771336
n = 10,"TF-IDF (1,2) + LinearSVC",0.4812474492913143,0.4827071410798706
n = 10,"TF-IDF (1,2) + ComplementNB",0.47464605635802587,0.4754914157750684
n = 10,"TF-IDF (1,2) + MultinomialNB",0.47258817521055657,0.47399850709131625
n = 25,Baseline TF-IDF + LogReg,0.46165033039050285,0.46429460064692707
n = 25,"TF-IDF (1,2) + LinearSVC",0.4777242015868093,0.47947250559840754
n = 25,"TF-IDF (1,2) + ComplementNB",0.47335549786515524,0.4744961433192336
n = 25,"TF-IDF (1,2) + MultinomialNB",0.47457077327273267,0.47574023388902714
n = 50,Baseline TF-IDF + LogReg,0.46109225437886625,0.4637969644190097
n = 50,"TF-IDF (1,2) + LinearSVC",0.47437894974268763,0.4762378701169445
n = 50,"TF-IDF (1,2) + ComplementNB",0.4702982625136192,0.4710126897238119
n = 50,"TF-IDF (1,2) + MultinomialNB",0.465727487908497,0.46653396367255534
n = 100,Baseline TF-IDF + LogReg,0.45584975843385317,0.4583229659119184
n = 100,"TF-IDF (1,2) + LinearSVC",0.46392406868193065,0.4652898731027619
n = 100,"TF-IDF (1,2) + ComplementNB",0.4650660586467721,0.4655386912167206
n = 100,"TF-IDF (1,2) + MultinomialNB",0.46454980432547216,0.4655386912167206
n = 200,Baseline TF-IDF + LogReg,0.4541044617327461,0.45633242100024884
n = 200,"TF-IDF (1,2) + LinearSVC",0.4702621675583661,0.47151032595172926
n = 200,"TF-IDF (1,2) + ComplementNB",0.46574237534120977,0.46603632744463797
n = 200,"TF-IDF (1,2) + MultinomialNB",0.4682223625440012,0.4690221448121423
n = 500,Baseline TF-IDF + LogReg,0.4570948998694446,0.4590694202537945
n = 500,"TF-IDF (1,2) + LinearSVC",0.4618527556860839,0.4630505100771336
n = 500,"TF-IDF (1,2) + ComplementNB",0.45815636614602334,0.4575765115700423
n = 500,"TF-IDF (1,2) + MultinomialNB",0.45414005956629794,0.45434187608857923
n = 1000,Baseline TF-IDF + LogReg,0.45366402467282724,0.45608360288629013
n = 1000,"TF-IDF (1,2) + LinearSVC",0.44538537951122753,0.44837024135357056
n = 1000,"TF-IDF (1,2) + ComplementNB",0.4474867719320996,0.44737496889773576
n = 1000,"TF-IDF (1,2) + MultinomialNB",0.4451995172526168,0.4461308783279423
n = 2000,Baseline TF-IDF + LogReg,0.4437371722554113,0.44662851455585967
n = 2000,"TF-IDF (1,2) + LinearSVC",0.4382067236397857,0.4436426971883553
n = 2000,"TF-IDF (1,2) + ComplementNB",0.44297271641507185,0.4428962428464792
n = 2000,"TF-IDF (1,2) + MultinomialNB",0.439550741975334,0.4426474247325205
