indice,p_c1,p_c234,p_c5
0,0.24046904466235616,0.6227957365461565,0.13673521879148734
1,0.23824621152045214,0.4996267712118714,0.26212701726767634
2,0.30436797717338454,0.3469620999625475,0.34866992286406795
3,0.49910590648783565,0.4178838764774121,0.08301021703475232
4,0.42738243313097135,0.44989781558799746,0.12271975128103121
5,0.54577923376149,0.1440464413856141,0.31017432485289603
6,0.38355086526044935,0.41374672270895213,0.20270241203059858
7,0.3908074943172367,0.4724565774300799,0.13673592825268346
8,0.3075157323390212,0.180939074975131,0.5115451926858477
9,0.7223426741075821,0.09406598772648696,0.18359133816593082
10,0.21388500435196367,0.5966440639206494,0.18947093172738705
11,0.33149988215958637,0.4904669815370774,0.17803313630333628
12,0.4242818640743095,0.4515753311504692,0.12414280477522134
13,0.670161135559889,0.2625648664327243,0.06727399800738665
14,0.07751472567692376,0.6210614786990818,0.3014237956239944
15,0.17449861310665757,0.18543135481122475,0.6400700320821177
16,0.23292619425823982,0.28048190013095126,0.486591905610809
17,0.20466174905966894,0.6832713140553649,0.11206693688496618
18,0.15323568414103306,0.38036217892886254,0.4664021369301044
19,0.31363493116054725,0.12900824905133537,0.5573568197881174
20,0.5568656250307786,0.2905494237146538,0.15258495125456772
21,0.35121750684064706,0.3193398282748,0.32944266488455287
22,0.03733546981974056,0.3588248467359121,0.6038396834443474
23,0.28038745409062116,0.2801358537429835,0.4394766921663953
24,0.24240493684596595,0.5471833259847054,0.21041173716932854
25,0.1289388195209872,0.4988775914729591,0.37218358900605375
26,0.05695192380634972,0.27273277171413957,0.6703153044795107
27,0.4281685713273918,0.2616187766564692,0.31021265201613907
28,0.04904094892713301,0.5549948837543944,0.39596416731847245
29,0.2738953615447917,0.440925216243307,0.2851794222119013
30,0.32325270081854585,0.45570435034363727,0.22104294883781678
31,0.10948262166249632,0.15085620219373355,0.7396611761437701
32,0.19329347506064318,0.5729811203201608,0.23372540461919608
33,0.1751179507776793,0.4912659768075997,0.333616072414721
34,0.36814017222947837,0.3432575777295303,0.2886022500409913
35,0.3033315103008485,0.38424411047052387,0.3124243792286276
36,0.33140191351995885,0.263926148693573,0.40467193778646815
37,0.6325054845454776,0.17339328157625827,0.19410123387826417
38,0.39315170461058685,0.20804988599076435,0.39879840939864886
39,0.22458733052935265,0.27862134911255665,0.4967913203580907
40,0.35047994435859886,0.1684806004803136,0.48103945516108754
41,0.16755690842195892,0.4947442719058881,0.33769881967215293
42,0.2955576105898349,0.2673862212515881,0.4370561681585769
43,0.1342257359076615,0.5410484645233775,0.32472579956896097
44,0.5543956776524741,0.21401635816502737,0.23158796418249852
45,0.1477350749200253,0.14109753537063813,0.7111673897093366
46,0.22967474618661762,0.41709487931197864,0.35323037450140377
47,0.44512479445065756,0.496021360367577,0.05885384518176548
48,0.16165561811145535,0.4787592577477733,0.3595851241407714
49,0.09274466140862567,0.12352540213273405,0.7837299364586403
50,0.20352473321992193,0.3951434979284318,0.4013317688516463
51,0.5853992408158617,0.2367169489477003,0.17788381023643796
52,0.1893296079803648,0.5094608414712783,0.3012095505483568
53,0.32775108129565145,0.4729481016382318,0.19930081706611694
54,0.39460029121753337,0.27203796290628846,0.33336174587617823
55,0.24492103453433808,0.3130513835361565,0.4420275819295055
56,0.6938205404981088,0.232128201278509,0.07405125822338221
57,0.2260986402115092,0.2508516498903862,0.5230497098981046
58,0.30682400705127894,0.32258324889356566,0.37059274405515547
59,0.180424471262727,0.35380753452650365,0.46576799421076925
60,0.18569498430351392,0.5757635380303718,0.2385414776661141
61,0.09190586301527259,0.5936642344872434,0.31442990249748415
62,0.14711433361110857,0.6686183599124937,0.18426730647639758
63,0.4179444221946631,0.2568554065479768,0.32520017125736
64,0.4349792694337352,0.36104312787956633,0.20397760268669848
65,0.24771906042053748,0.39907479555344955,0.35320614402601297
66,0.2149388743744438,0.3418190396766126,0.4432420859489435
67,0.2805190573812331,0.266241077091624,0.45323986552714285
68,0.45216235971105023,0.3472967233237116,0.20054091696523826
69,0.4011668705750545,0.3420960381745522,0.25673709125039323
70,0.1256408388192218,0.1300327262221006,0.7443264349586776
71,0.42176216832164404,0.239304249691291,0.338933581987065
72,0.271944861091744,0.5362105465641827,0.1918445923440734
73,0.2973822531741258,0.518254564176598,0.18436318264927612
74,0.1864381898793579,0.5921357165857503,0.2214260935348919
75,0.4281685713273918,0.2616187766564692,0.31021265201613907
76,0.28148683474948183,0.28197029920255506,0.43654286604796316
77,0.2101272870819197,0.37046149672363027,0.41941121619445
78,0.3017013319913326,0.2469243178826771,0.45137435012599036
79,0.4716543587305314,0.2951472793226582,0.23319836194681037
80,0.37431606885626056,0.42537517963241417,0.20030875151132513
81,0.5532742929341157,0.18167313306942626,0.2650525739964582
82,0.11126576258507613,0.5892129649221791,0.2995212724927447
83,0.09658106923430623,0.2860538520358923,0.6173650787298015
84,0.49748885834264844,0.3459130050403698,0.1565981366169818
85,0.5611023116112307,0.33926159532109607,0.09963609306767329
86,0.22708670104743905,0.5874411825457208,0.18547211640684017
87,0.387294187794138,0.1716367204262985,0.44106909177956355
88,0.3264107654890002,0.3329768135752466,0.3406124209357531
89,0.9577972188248915,0.0254245095274156,0.01677827164769296
90,0.3623146652402046,0.3058055252394015,0.3318798095203938
91,0.6504178289856154,0.22760167610902496,0.12198049490535956
92,0.07909242561316021,0.11520114350869147,0.8057064308781484
93,0.6304566634589435,0.242163699171936,0.12737963736912053
94,0.18873754046779864,0.6244082753612323,0.18685418417096902
95,0.5141850605631744,0.35293015070184475,0.13288478873498083
96,0.1630066016638427,0.490955242567325,0.34603815576883235
97,0.5219170559969821,0.20036504630107346,0.2777178977019444
98,0.08472467566569938,0.6238720250806647,0.2914032992536358
99,0.26495029467190523,0.3825525933421125,0.3524971119859822
100,0.21779010427930648,0.25625253733999837,0.5259573583806951
101,0.4202344010471773,0.3821681992186405,0.1975973997341822
102,0.2117283702525474,0.18900917174373313,0.5992624580037195
103,0.19983488341819994,0.5500508321305005,0.2501142844512994
104,0.18882741742174763,0.47591886550867674,0.33525371706957563
105,0.2773487583330969,0.34720334543435555,0.37544789623254765
106,0.19900873957608833,0.3806234318965132,0.4203678285273984
107,0.2876436781437474,0.40508307069145527,0.30727325116479737
108,0.2162463562487379,0.5602583195813715,0.22349532416989057
109,0.13659153525597842,0.5343298256746746,0.3290786390693469
110,0.4261374995683831,0.3955537562245772,0.17830874420703968
111,0.4044373922615956,0.16062697763975708,0.43493563009864744
112,0.12171735549969752,0.13865437437585676,0.7396282701244458
113,0.1757733105405087,0.2520902865900561,0.5721364028694351
114,0.2755750563256471,0.2787469457871282,0.44567799788722473
115,0.10379564964564308,0.47835059325680285,0.4178537570975541
116,0.24060951218623425,0.4141030438579474,0.34528744395581845
117,0.2515955006458134,0.3316136281150023,0.4167908712391844
118,0.28070839105413503,0.4063243899220279,0.31296721902383695
119,0.3124966190502924,0.40052645657391844,0.2869769243757892
120,0.22157301758752457,0.19280647142852808,0.5856205109839474
121,0.10191958180187222,0.3947272271462764,0.5033531910518514
122,0.39137493507176285,0.3145103495885216,0.29411471533971556
123,0.14600623054798337,0.30500483384241867,0.5489889356095979
124,0.20920106110505457,0.14540806476601115,0.6453908741289341
125,0.4179444221946631,0.2568554065479768,0.32520017125736
126,0.36050625061517105,0.2497415377632087,0.38975221162162027
127,0.5267921840945838,0.3653411880125037,0.10786662789291251
128,0.12246182082566773,0.20705125119531587,0.6704869279790163
129,0.44932884515175553,0.3975817278889444,0.1530894269593002
130,0.427115519319289,0.2660978627292998,0.30678661795141127
131,0.5227827894974558,0.29376920784034116,0.18344800266220307
132,0.3202406077956433,0.4437895775311031,0.23596981467325345
133,0.34748762044539006,0.33658263270899985,0.31592974684561004
134,0.13218022755605824,0.6010308137216586,0.26678895872228314
135,0.22730202256950535,0.4222437536396112,0.35045422379088337
136,0.1041039188993424,0.3837311475898509,0.5121649335108067
137,0.15717354232944108,0.6552475341635458,0.1875789235070132
138,0.30383146309843273,0.1375009026049865,0.5586676342965808
139,0.6506413606309057,0.20631897947782654,0.14303965989126782
140,0.41176522398827736,0.2841702641633373,0.3040645118483853
141,0.0920711720209739,0.49166080387988204,0.41626802409914404
142,0.8875224761352393,0.06516128078426654,0.047316243080494175
143,0.5894542542714913,0.14175154498281384,0.2687942007456947
144,0.7615201355319627,0.13818584848864135,0.10029401597939593
145,0.3215753385380821,0.2335718186452442,0.44485284281667364
146,0.2303413377090816,0.31781474737827264,0.4518439149126458
147,0.06865272257441553,0.2541421716410949,0.6772051057844896
148,0.26685086520977497,0.21630126147584117,0.5168478733143839
149,0.6848925648572601,0.1926858368757906,0.12242159826694919
150,0.498480803693955,0.19659980671595614,0.304919389590089
151,0.38567666874721723,0.2925327165286396,0.321790614724143
152,0.45404840297095084,0.4038344597192396,0.14211713730980963
153,0.12470633449782341,0.4949135505465334,0.3803801149556432
154,0.1496894947510855,0.6119583578727871,0.2383521473761273
155,0.37228768668214046,0.1555739795901415,0.4721383337277179
156,0.13826798170331664,0.28800294614799005,0.5737290721486933
157,0.09399273961716789,0.3290768888824039,0.5769303715004283
158,0.14583232033623297,0.35325079503854334,0.5009168846252237
159,0.2842614651789533,0.3398193931207556,0.37591914170029106
160,0.2933393323335428,0.29783460419484664,0.40882606347161055
161,0.3411257165984871,0.42035994778673624,0.23851433561477667
162,0.22975530246985532,0.3005716791245609,0.4696730184055838
163,0.4720194249573624,0.2757712411563158,0.25220933388632183
164,0.4535671946191445,0.2573667364749443,0.28906606890591113
165,0.101770906752814,0.5880517340139536,0.3101773592332324
166,0.10232101289693649,0.34446515422363366,0.5532138328794298
167,0.16291267805661205,0.5691189899233207,0.26796833202006726
168,0.02117900920001297,0.09051971590186007,0.8883012748981269
169,0.41299749130936453,0.34378863502913853,0.24321387366149694
170,0.5875256908752514,0.3693743795707912,0.043099929553957445
171,0.0800355613329464,0.23389080542896173,0.6860736332380919
172,0.07707782222547864,0.11679512297396788,0.8061270548005536
173,0.15224199849909528,0.6321582006542544,0.2155998008466503
174,0.5737655244273638,0.33282269054122654,0.09341178503140958
175,0.44142542114439026,0.1275073238513573,0.43106725500425247
176,0.5944895825005898,0.22768243328786567,0.17782798421154467
177,0.21899561418634422,0.48442620393345576,0.2965781818802001
178,0.28518568621781776,0.20293422161144248,0.5118800921707397
179,0.13616914977505182,0.4926015751152432,0.3712292751097049
180,0.31419780323949237,0.4997956574302427,0.18600653933026498
181,0.15920876491899894,0.2839202902164613,0.5568709448645397
182,0.5054202937086271,0.22276565191651784,0.2718140543748552
183,0.2204387538959636,0.33983973111957433,0.4397215149844621
184,0.4390919905104509,0.43538285592079057,0.1255251535687585
185,0.11130043866671906,0.11073244516068552,0.7779671161725954
186,0.401440140849749,0.32091638525540395,0.27764347389484706
187,0.1306908809080174,0.493589999231136,0.3757191198608467
188,0.16537323051625488,0.21718261896203725,0.617444150521708
189,0.2758936010430175,0.5673818134018209,0.1567245855551616
190,0.3320341053757168,0.19379264339406385,0.47417325123021936
191,0.24158081330318132,0.32936629094923553,0.4290528957475832
192,0.07156618267185022,0.3250832960954779,0.6033505212326719
193,0.7645526915090239,0.21255996557979634,0.02288734291117978
194,0.6518950964551855,0.20203231679248027,0.14607258675233417
195,0.3255635177342374,0.5301511174694201,0.14428536479634244
196,0.21812098704242386,0.6112204302557435,0.1706585827018327
197,0.39267877933791273,0.41792461074500925,0.18939660991707796
198,0.2113110507220642,0.5462497989691892,0.2424391503087466
199,0.3564419518271434,0.4195939171756108,0.22396413099724577
200,0.3186780492885819,0.4425343630870315,0.23878758762438662
201,0.3601476162124194,0.3641459343560371,0.27570644943154343
202,0.21419336317570706,0.37405086240964525,0.41175577441464767
203,0.12685055935830378,0.5536685994876992,0.3194808411539971
204,0.5308659689374671,0.2782867657585581,0.19084726530397483
205,0.10545910897789797,0.3991226706696416,0.4954182203524605
206,0.4719391194611761,0.2181512461564068,0.30990963438241714
207,0.5976396391473516,0.24455485613140718,0.15780550472124122
208,0.19779663798152716,0.27419523436516213,0.5280081276533107
209,0.01324509034351972,0.01162278541301943,0.975132124243461
210,0.6073292440236069,0.3015845705321849,0.09108618544420828
211,0.2668453462216445,0.3805128510632474,0.35264180271510803
212,0.16525981149519275,0.3718121671502723,0.46292802135453504
213,0.11637597574572346,0.4901328869417029,0.3934911373125737
214,0.34956205090791564,0.1522042543466417,0.4982336947454425
215,0.128247234318065,0.16726765727150827,0.7044851084104268
216,0.4657938288235257,0.34594675552535825,0.1882594156511159
217,0.5810855318788708,0.26937228623653253,0.14954218188459667
218,0.12544858690639113,0.25929154883536504,0.6152598642582437
219,0.2269231468505566,0.45494714601323155,0.318129707136212
220,0.2664291222932609,0.2476359140175659,0.48593496368917327
221,0.382594350900524,0.22267859807700863,0.39472705102246747
222,0.22205292660266893,0.4371038516978882,0.3408432216994428
223,0.40027567604343695,0.39419988203497425,0.20552444192158872
224,0.5910838035763019,0.2759342241894965,0.1329819722342016
225,0.178355308269572,0.4939661680895852,0.3276785236408428
226,0.3963295846969928,0.33211114951344645,0.2715592657895608
227,0.39617773318624333,0.4638829224675753,0.13993934434618147
228,0.18981422069300477,0.5878748072231376,0.2223109720838578
229,0.4491032087251826,0.26657453579634016,0.2843222554784771
230,0.6412583316956609,0.14389905866863562,0.2148426096357034
231,0.4527645289155977,0.47795016309259564,0.0692853079918066
232,0.4078370897885138,0.18498583991108367,0.40717707030040257
233,0.3864266051294741,0.22945133307289367,0.38412206179763236
234,0.2039915257033968,0.49085440489295173,0.3051540694036514
235,0.4711071321689599,0.41341895396453243,0.11547391386650775
236,0.4963435075177114,0.2867372055438625,0.21691928693842605
237,0.2975599213891236,0.2859750987326513,0.41646497987822506
238,0.14284212736630134,0.6336171281405156,0.223540744493183
239,0.2739319415568787,0.3863389221207798,0.3397291363223414
240,0.3341981890235005,0.2080501261974744,0.4577516847790252
241,0.28137701563625217,0.4549469100504001,0.26367607431334766
242,0.0882069936022045,0.728777256693189,0.18301574970460646
243,0.2793620057842984,0.28373851648827214,0.43689947772742954
244,0.22153735434308253,0.37488463536781125,0.4035780102891062
245,0.2100299174071234,0.48851174632463085,0.3014583362682457
246,0.2739319415568787,0.3863389221207798,0.3397291363223414
247,0.09583196411717655,0.34687991818860636,0.557288117694217
248,0.384808524177334,0.2443636880581064,0.37082778776455966
249,0.3979381020760785,0.21044479734709762,0.391617100576824
250,0.4982409651100188,0.11269231331881432,0.38906672157116673
251,0.185658197342211,0.5172035573924761,0.2971382452653128
252,0.34058727840337,0.5618185403128476,0.09759418128378247
253,0.4009668180330496,0.1454074354448857,0.45362574652206467
254,0.5861627596540231,0.16868836065030524,0.2451488796956716
255,0.2845648423856045,0.3236110207372266,0.39182413687716905
256,0.43399636195632985,0.454125247457038,0.11187839058663217
257,0.22091932862687774,0.22930736984310057,0.5497733015300217
258,0.5670377015173664,0.3235709950741804,0.1093913034084531
259,0.4756686087914482,0.18066099042466835,0.34367040078388356
260,0.3586411835851607,0.3488779454963568,0.2924808709184825
261,0.24887276221868274,0.6006089867875217,0.15051825099379568
262,0.29773428777572297,0.40861376983112535,0.2936519423931518
263,0.5344588153725219,0.18998108073366518,0.27556010389381297
264,0.3674489295715798,0.3503683351633854,0.2821827352650349
265,0.1985529146248039,0.6408623482494152,0.16058473712578084
266,0.2009446731840062,0.2618756289950036,0.5371796978209902
267,0.2850576302593405,0.42007214419313627,0.29487022554752323
268,0.32523256216862,0.14168321000316256,0.5330842278282174
269,0.562836254445924,0.3501898986308645,0.08697384692321163
270,0.7142922381103857,0.21994295258260566,0.0657648093070088
271,0.4598419694277046,0.40757950618048827,0.13257852439180703
272,0.28264692357196275,0.39639792942454405,0.3209551470034932
273,0.18224579253551848,0.4049765600146341,0.41277764744984746
274,0.5914992285150129,0.2855727520868988,0.12292801939808837
275,0.4738004664424368,0.3194356453050869,0.20676388825247638
276,0.44584448293878914,0.3772012136679351,0.17695430339327567
277,0.16848369809262054,0.2201332301909904,0.6113830717163891
278,0.2492467742758996,0.4160868912031427,0.33466633452095756
279,0.08081287846175839,0.7327921380665925,0.18639498347164918
280,0.1394073060681598,0.29624955811372006,0.5643431358181201
281,0.3784810732208039,0.40319659892564863,0.21832232785354755
282,0.2203811418913915,0.19284265075060086,0.5867762073580076
283,0.7511956023443122,0.1470645479286411,0.10173984972704675
284,0.04470564203704609,0.14077305609668228,0.8145213018662716
285,0.40333781814025504,0.42316710335632657,0.1734950785034184
286,0.05663716497740313,0.543735001121907,0.39962783390068995
287,0.2175654737228212,0.3826199733173863,0.39981455295979257
288,0.33165315038094695,0.22724891688562301,0.44109793273343006
289,0.344200715257184,0.3404920492328255,0.3153072355099905
290,0.6427048035307712,0.31727404760374284,0.04002114886548602
291,0.1693793808526767,0.15878701668705697,0.6718336024602664
292,0.2877466387566877,0.21186419165369777,0.5003891695896144
293,0.3994410525569084,0.23089887669265374,0.3696600707504379
294,0.33550998243842867,0.30402123997630914,0.3604687775852622
295,0.23731057677741876,0.27256950608761693,0.49011991713496417
296,0.4202344010471773,0.3821681992186405,0.1975973997341822
297,0.19397635027522636,0.5074156227350337,0.2986080269897399
298,0.36769006665200643,0.3387872764434564,0.29352265690453716
299,0.4994769886114178,0.3081146940762416,0.19240831731234065
300,0.3298002964557466,0.4422146839631591,0.22798501958109427
301,0.4262894866494088,0.32062895862750584,0.25308155472308547
302,0.13000742234063042,0.3111821157433926,0.5588104619159768
303,0.10842083585192984,0.30443079038451804,0.5871483737635521
304,0.31073065219251406,0.5275606163543761,0.16170873145310982
305,0.3172974323730829,0.3702491778806552,0.3124533897462619
306,0.3714143313040157,0.391183414785656,0.23740225391032835
307,0.23905965531566395,0.3260509977623535,0.4348893469219826
308,0.22918478119491628,0.24572301472614597,0.5250922040789378
309,0.5654509053704954,0.24772179051124424,0.1868273041182604
310,0.15652217930892487,0.311220991008667,0.5322568296824081
311,0.2065755822248027,0.36597896539940694,0.42744545237579035
312,0.1371813096096678,0.17313038340720394,0.6896883069831282
313,0.441499021547786,0.27834101821902785,0.2801599602331862
314,0.4124866212235685,0.3854264229303615,0.20208695584606992
315,0.12616311506511296,0.18039588393797576,0.6934410009969112
316,0.5209548405426749,0.3460735080340087,0.13297165142331624
317,0.26019085038377193,0.2596746082038922,0.4801345414123358
318,0.47549845050574885,0.3020570489963085,0.2224445004979426
319,0.22415858388209503,0.43657258799010545,0.3392688281277996
320,0.22299674029609104,0.30933846287871464,0.46766479682519435
321,0.1842323229580244,0.49931979077122646,0.3164478862707492
322,0.708691096497705,0.1598180953406226,0.13149080816167244
323,0.4334953363864271,0.3286477194284327,0.2378569441851401
324,0.31400454259513083,0.33666097625335334,0.3493344811515159
325,0.15184011634034783,0.28745971390001956,0.5607001697596327
326,0.20342421162387456,0.24619555356814787,0.5503802348079776
327,0.31758906838771656,0.16052220026796185,0.5218887313443216
328,0.42719940785669014,0.2922286611534921,0.28057193098981764
329,0.6122158065152177,0.21281835902830765,0.17496583445647462
330,0.1626611887092959,0.5648698190899911,0.27246899220071313
331,0.39460029121753337,0.27203796290628846,0.33336174587617823
332,0.31726553430049176,0.5525346423383118,0.13019982336119645
333,0.13596584242004495,0.13392278178011494,0.7301113757998401
334,0.5688396313335268,0.27577879992754695,0.15538156873892636
335,0.29829783346779165,0.4398706756732882,0.2618314908589202
336,0.367607528077103,0.4265408711142943,0.20585160080860282
337,0.4471311926564027,0.45898639281985254,0.09388241452374464
338,0.28047869840463546,0.37113811391753265,0.34838318767783183
339,0.22294655055742055,0.29611964890742126,0.48093380053515833
340,0.4179444221946631,0.2568554065479768,0.32520017125736
341,0.3802028229285542,0.2723251155612465,0.3474720615101993
342,0.5687615106847547,0.33869529128334996,0.09254319803189548
343,0.3600274113923384,0.5996727533149059,0.04029983529275575
344,0.2971587446611826,0.29332306401630176,0.4095181913225156
345,0.09152766865015602,0.22711950531251154,0.6813528260373325
346,0.15711123935376814,0.5430401198178957,0.2998486408283363
347,0.042520892243013614,0.13528067511913153,0.8221984326378547
348,0.3481788846811417,0.41443826144026646,0.2373828538785917
349,0.03811949784392766,0.10934272803376364,0.8525377741223087
350,0.20188464507293807,0.45281604663174807,0.3452993082953139
351,0.4843346977950904,0.28913396875576375,0.22653133344914592
352,0.08920503545777368,0.31161167732796125,0.599183287214265
353,0.22675417011681048,0.4231882695962917,0.35005756028689783
354,0.2523430386643276,0.6273115782349262,0.12034538310074623
355,0.4196580615587943,0.30708974873795064,0.2732521897032551
356,0.32133149760768775,0.3101022085808307,0.3685662938114815
357,0.5916735716620949,0.32282088125021247,0.08550554708769277
358,0.27045528965826293,0.4844749659233894,0.2450697444183475
359,0.2203002600871657,0.4279207234789403,0.3517790164338941
360,0.2973750166101736,0.3129119119372206,0.3897130714526057
361,0.27088486577736354,0.3306100967680037,0.3985050374546327
362,0.23999001514294008,0.3747357022048862,0.3852742826521737
363,0.23991271513973295,0.3322522536651813,0.4278350311950857
364,0.10720365444479327,0.16975396158806666,0.7230423839671399
365,0.4718237731366754,0.3454562446966594,0.18271998216666524
366,0.21734416792023523,0.15305249492034512,0.6296033371594196
367,0.022370079382163358,0.2103182421915097,0.7673116784263269
368,0.4837455325779759,0.21779302586889998,0.29846144155312415
369,0.43519938142901676,0.3867981586391449,0.17800245993183833
370,0.5737655244273638,0.33282269054122654,0.09341178503140958
371,0.1832531224431783,0.20767041807345116,0.6090764594833706
372,0.3218642874642374,0.41254175363085954,0.2655939589049031
373,0.3282660254962174,0.36439210904225955,0.3073418654615231
374,0.8590132420773408,0.07330781322553423,0.06767894469712503
375,0.3611428829405961,0.1186730469846726,0.5201840700747313
376,0.23702159485479013,0.2983301836556655,0.4646482214895444
377,0.27977590635506094,0.34031695919897886,0.37990713444596014
378,0.24184464289885613,0.29071572887422364,0.46743962822692015
379,0.533481683547212,0.31254852878764733,0.1539697876651405
380,0.2787501564456122,0.29614500453333514,0.4251048390210527
381,0.6668757778209025,0.17857209780758812,0.15455212437150948
382,0.29031204080301526,0.27729057379511385,0.43239738540187095
383,0.17750086738812368,0.6151141831711241,0.20738494944075211
384,0.08658271906347668,0.1318031514703416,0.7816141294661818
385,0.13607690985230228,0.2891552635899218,0.5747678265577759
386,0.3292485860977412,0.33470411013170925,0.33604730377054964
387,0.17325040661257507,0.6487458811870044,0.17800371220042058
388,0.50278970536575,0.27457417986740196,0.22263611476684808
389,0.16496708430813617,0.21530071556866998,0.6197322001231939
390,0.22007644186710384,0.5673288543515149,0.21259470378138132
391,0.30073437267050146,0.3748950890490556,0.32437053828044293
392,0.10297476985099478,0.2514387176459711,0.6455865125030341
393,0.5094162210807652,0.2800761269064947,0.21050765201274005
394,0.21024772044709214,0.11971847545487685,0.670033804098031
395,0.5574664875849142,0.1688018409470567,0.273731671468029
396,0.3985987613688304,0.35605954428185077,0.24534169434931885
397,0.7263854992530563,0.19620822334871615,0.07740627739822768
398,0.1750791188840571,0.5742004085416718,0.2507204725742712
399,0.14665489430671058,0.4849253428539179,0.3684197628393716
400,0.28248720139495376,0.21467407061813187,0.5028387279869143
401,0.2809124791880509,0.5756112775080394,0.14347624330390973
402,0.15274746498568653,0.15309222942677528,0.6941603055875382
403,0.16953755329082892,0.3672041068387799,0.4632583398703911
404,0.23678765186999573,0.5046271683897389,0.25858517974026546
405,0.21241534929295014,0.43320066835671006,0.3543839823503398
406,0.3881299842613759,0.26088461244939054,0.3509854032892335
407,0.33177592932563643,0.23742286435327634,0.43080120632108715
408,0.45644659804598914,0.4221386576367656,0.12141474431724511
409,0.23941540892832155,0.31470455404046516,0.4458800370312133
410,0.10064459797987042,0.5592847574349208,0.3400706445852088
411,0.4281685713273918,0.2616187766564692,0.31021265201613907
412,0.1901158196266498,0.5891232042858983,0.22076097608745193
413,0.10675456587782006,0.4933633814769366,0.39988205264524335
414,0.1845813366611994,0.2748541797587097,0.5405644835800909
415,0.44307616365142183,0.38771412881674167,0.16920970753183656
416,0.5645748678150686,0.34830821854362876,0.08711691364130268
417,0.4719645348801842,0.35272175413240503,0.1753137109874109
418,0.4987589943298667,0.23666236099563726,0.264578644674496
419,0.21921146158423518,0.35773346715138565,0.42305507126437913
420,0.35587031243859224,0.5391596579117207,0.10497002964968707
421,0.07220406865392963,0.3132249966797799,0.6145709346662904
422,0.2127459611526036,0.4303523418823507,0.3569016969650456
423,0.09931231426573997,0.23796927665787104,0.6627184090763889
424,0.45078610801071817,0.26689750027287795,0.282316391716404
425,0.5299684504714343,0.20797501575142552,0.2620565337771402
426,0.06698593143263991,0.13790001850980918,0.7951140500575508
427,0.556297839033269,0.22803127298192685,0.21567088798480408
428,0.13167502068282935,0.3884093967068192,0.47991558261035155
429,0.3213403963507151,0.3849227819181986,0.2937368217310862
430,0.31470642508175256,0.35106997034290177,0.3342236045753458
431,0.4486371312747925,0.4213623417747585,0.13000052695044892
432,0.45333696429983134,0.2710865706205237,0.2755764650796449
433,0.24665583825250234,0.4777202483711823,0.2756239133763153
434,0.10621383010410299,0.3079193320342716,0.5858668378616254
435,0.3273950018681017,0.5388163458360716,0.1337886522958267
436,0.11083602193196522,0.626049632904511,0.26311434516352383
437,0.2359089628235928,0.62990374727037,0.13418728990603712
438,0.3693928020623233,0.5521310066805247,0.0784761912571521
439,0.5332116641207449,0.16547699509551997,0.30131134078373506
440,0.4190103089736903,0.33200356243354384,0.24898612859276587
441,0.41141150068465165,0.2534671156777487,0.33512138363759963
442,0.24289225977808046,0.5356675564396122,0.22144018378230737
443,0.42054747374432866,0.362215331318843,0.21723719493682847
444,0.32708992769549694,0.4509348701490535,0.2219752021554496
445,0.5780100832726711,0.28064162724264674,0.1413482894846821
446,0.15954298543931375,0.3573797489898644,0.4830772655708218
447,0.7597831194212412,0.16323096258416078,0.07698591799459804
448,0.28471624904473497,0.5237828594856488,0.19150089146961605
449,0.4202344010471773,0.3821681992186405,0.1975973997341822
450,0.26360472291748477,0.35322183682486963,0.38317344025764555
451,0.2739319415568787,0.3863389221207798,0.3397291363223414
452,0.356365690694562,0.3498825962363697,0.29375171306906833
453,0.035721923687270764,0.04159941880447204,0.9226786575082572
454,0.3910622473024379,0.5009197300279202,0.10801802266964187
455,0.1353025428877665,0.4481628666657333,0.41653459044650026
456,0.29789687510507723,0.5652291701428586,0.1368739547520642
457,0.6518950964551855,0.20203231679248027,0.14607258675233417
458,0.3608460957689406,0.3794413266185469,0.25971257761251254
459,0.41546818874085645,0.3476301857614372,0.23690162549770624
460,0.06834410521686769,0.3964938783982635,0.5351620163848688
461,0.15726666358688215,0.4173933058025912,0.4253400306105265
462,0.4417084684991827,0.4111681387701605,0.1471233927306568
463,0.3274775644074421,0.46906534957703394,0.20345708601552404
464,0.07604212337892059,0.41127689950218627,0.5126809771188932
465,0.4964616929696416,0.27748040752176917,0.22605789950858904
466,0.2681516981122048,0.3489165812441749,0.3829317206436203
467,0.4679017213599894,0.19888500985662166,0.3332132687833888
468,0.1888585156476138,0.4248766768322467,0.3862648075201396
469,0.3079845703216755,0.4100624887178876,0.281952940960437
470,0.2586439980448093,0.10855651505890188,0.6327994868962888
471,0.22893648563173863,0.6445496676769853,0.12651384669127605
472,0.3184520648788044,0.5165389903619608,0.16500894475923494
473,0.306611891935224,0.4176959135702018,0.27569219449457427
474,0.2734842690605672,0.4123468356543724,0.3141688952850604
475,0.3854548238641859,0.3950990162862267,0.21944615984958746
476,0.21686348465070696,0.3700048811010479,0.413131634248245
477,0.2835057043010276,0.5075047715022623,0.20898952419671013
478,0.3921836496412681,0.3519328676806712,0.2558834826780606
479,0.320629192509969,0.5051877240189889,0.17418308347104208
480,0.4000570134551234,0.4084103233279194,0.19153266321695725
481,0.23199551972295504,0.3564401636451827,0.41156431663186227
482,0.1286901838282889,0.41160335738783005,0.45970645878388117
483,0.3294097594133593,0.4412151544806003,0.22937508610604035
484,0.2809912099014463,0.43618569878215935,0.28282309131639427
485,0.4591163440005109,0.3850821665345247,0.15580148946496444
486,0.16445436481330183,0.37698660479914464,0.4585590303875534
487,0.6517172941409978,0.2522644663819326,0.09601823947706958
488,0.18407352818672534,0.5628426089613595,0.2530838628519152
489,0.5337461487433263,0.3016676132865985,0.1645862379700753
490,0.31457764281733597,0.45779048416936025,0.2276318730133038
491,0.31205362400836784,0.31776560681053845,0.37018076918109366
492,0.2737110766187225,0.47312819443209064,0.253160728949187
493,0.11408739005176417,0.4946142212848454,0.3912983886633904
494,0.37152476238879556,0.44683777388849916,0.18163746372270534
495,0.19429589967190378,0.21007068945890553,0.5956334108691906
496,0.35956217237482724,0.32646156940988136,0.31397625821529135
497,0.29594381629768807,0.2844888717134836,0.41956731198882835
498,0.3287085574528345,0.4374096323316301,0.2338818102155354
499,0.25395164255425523,0.33697415241064366,0.40907420503510106
500,0.3542871693400069,0.2722530983801114,0.3734597322798817
501,0.12231125610373074,0.20454827764103123,0.673140466255238
502,0.2773487583330969,0.34720334543435555,0.37544789623254765
503,0.8524884567955686,0.08616012240350535,0.061351420800926135
504,0.3079845703216755,0.4100624887178876,0.281952940960437
505,0.43184653210818297,0.27326591133746186,0.2948875565543553
506,0.3686105160864542,0.11813001579230734,0.5132594681212385
507,0.3585251359999643,0.5159190931029255,0.12555577089711026
508,0.21557789828707133,0.2939105908036166,0.4905115109093121
509,0.32031519002846176,0.47792512446779223,0.20175968550374598
510,0.17717561672269927,0.3415437259022235,0.4812806573750773
511,0.5777529043192158,0.3270608740469001,0.09518622163388414
512,0.2030046159402889,0.3962081740187372,0.40078721004097384
513,0.4510661261834793,0.43954997794653267,0.10938389586998794
514,0.16673680729187332,0.3008993581881777,0.532363834519949
515,0.30713153291999057,0.6140378639764708,0.07883060310353877
516,0.52437265481035,0.30484378003647233,0.17078356515317752
517,0.06834212657310348,0.35173581590888453,0.579922057518012
518,0.1686502129368268,0.2022122880324663,0.6291374990307069
519,0.8284352275208859,0.10875161633334755,0.06281315614576649
520,0.336079469076678,0.448452528152792,0.21546800277053
521,0.29079491997392903,0.15561938644791729,0.5535856935781537
522,0.2161565999650847,0.48051223071973836,0.3033311693151769
523,0.2852767584977787,0.5903821167251466,0.12434112477707467
524,0.3202119663630234,0.5928938717257921,0.08689416191118442
525,0.3372474740297054,0.4895990769356022,0.1731534490346924
526,0.5314645286152143,0.22736855368029887,0.2411669177044868
527,0.3158263661861309,0.38368109047408844,0.30049254333978054
528,0.2548720572235157,0.4515699325316001,0.2935580102448842
529,0.36766215761011745,0.5139926454762803,0.11834519691360226
530,0.3159629345104745,0.36999862080011126,0.3140384446894143
531,0.4281685713273918,0.2616187766564692,0.31021265201613907
532,0.095126738131337,0.3498730181682292,0.5550002437004339
533,0.21214233330697432,0.19598619703692888,0.5918714696560968
534,0.1386230743360127,0.467570270505419,0.3938066551585684
535,0.29901953076944476,0.4599073921966947,0.2410730770338605
536,0.43197439223412126,0.3606933852312512,0.20733222253462757
537,0.3448194094540435,0.47449108994471106,0.18068950060124553
538,0.2671240210927868,0.4193820962801637,0.3134938826270495
539,0.5267926894469133,0.27608845927446635,0.19711885127862036
540,0.30416340822403143,0.2614369529528829,0.4343996388230857
541,0.7981031194076578,0.10187729880376352,0.10001958178857884
542,0.13200622847674892,0.11326058418275177,0.7547331873404992
543,0.2524316096588101,0.3256781330933119,0.42189025724787793
544,0.32101064662381096,0.3106620040775178,0.3683273492986713
545,0.41591523125651614,0.4824626846647219,0.10162208407876204
546,0.4863026470737718,0.28699615149441193,0.22670120143181616
547,0.2926141878201499,0.4896131012662327,0.2177727109136173
548,0.2547179263644011,0.3064819762769565,0.43880009735864234
549,0.11104619862572235,0.2708030379791227,0.618150763395155
550,0.17347839948274324,0.11900927524172956,0.7075123252755272
551,0.2853331999387101,0.34369191041462765,0.3709748896466622
552,0.28482772745358165,0.30891065750522034,0.40626161504119807
553,0.2656676922894911,0.4307860994089459,0.3035462083015629
554,0.09949849889305687,0.12541744867587362,0.7750840524310696
555,0.2846785912082671,0.47493099677164435,0.24039041202008873
556,0.18402605032575825,0.49651881442729545,0.31945513524694635
557,0.262921247233545,0.15070526546811275,0.5863734872983423
558,0.33675375039946964,0.14957590053238048,0.5136703490681499
559,0.17867528377581476,0.4100423088892662,0.411282407334919
560,0.0793912944892138,0.37601057482679434,0.5445981306839919
561,0.7770037109794117,0.1632703859566091,0.05972590306397913
562,0.04784278267001435,0.24998575663056188,0.7021714606994237
563,0.07131501704652828,0.26329754051698057,0.6653874424364912
564,0.2624641238230782,0.5724421578427702,0.1650937183341515
565,0.2607857444010463,0.5844066020547809,0.15480765354417275
566,0.2870870072531822,0.4399316725678962,0.2729813201789217
567,0.10408529445382175,0.33534629397465543,0.5605684115715229
568,0.26314187688914287,0.4632633831893601,0.2735947399214971
569,0.0379278441365365,0.3076264432306639,0.6544457126327995
570,0.28207430852570964,0.4426992150522656,0.2752264764220247
571,0.2808637133877434,0.1599745778030794,0.5591617088091771
572,0.28069432936633626,0.35823403552467575,0.36107163510898793
573,0.4756686087914482,0.18066099042466835,0.34367040078388356
574,0.050488197821602375,0.22783438245983487,0.7216774197185628
575,0.2234640054424766,0.32049037193964147,0.45604562261788206
576,0.344200715257184,0.3404920492328255,0.3153072355099905
577,0.15322628014802409,0.44265485178139274,0.4041188680705831
578,0.29490651614156277,0.48010088767729625,0.22499259618114087
579,0.258548361336493,0.5322210536043891,0.20923058505911787
580,0.35940606081858817,0.25460629303832155,0.3859876461430904
581,0.08670061877087623,0.28297226870068604,0.6303271125284378
582,0.5086730744953529,0.41976257981221,0.07156434569243705
583,0.7042692609289131,0.22586605666649154,0.06986468240459537
584,0.10112288302210766,0.6665088941368594,0.23236822284103287
585,0.13484096403459073,0.27419986534222174,0.5909591706231876
586,0.2739319415568787,0.3863389221207798,0.3397291363223414
587,0.19177834913527775,0.5236343560584356,0.2845872948062867
588,0.5612429617835406,0.3576219893307253,0.08113504888573413
589,0.16123118355863256,0.2655771036048406,0.5731917128365268
590,0.06027449507138631,0.6022265472932578,0.33749895763535603
591,0.37210174598928436,0.14353935317377092,0.4843589008369446
592,0.2799742245863619,0.49420940808677166,0.2258163673268664
593,0.1776753713746941,0.48933409219853063,0.3329905364267753
594,0.10262735997518996,0.35785150771502566,0.5395211323097843
595,0.0822854484148017,0.6893960465703676,0.22831850501483061
596,0.16895911039762554,0.48813385657387726,0.34290703302849723
597,0.6695939982781213,0.19431512950735944,0.13609087221451935
598,0.025565480792061248,0.20237916150279825,0.7720553577051406
599,0.23992995395918387,0.36192466241303917,0.398145383627777
600,0.48038375933717226,0.4178837555833385,0.10173248507948929
601,0.1801692115959394,0.2518924171034681,0.5679383713005925
602,0.22577056290660968,0.6082341891417716,0.16599524795161869
603,0.524851077435821,0.3362736151659903,0.13887530739818857
604,0.4812487210092705,0.3429234430757515,0.17582783591497794
605,0.43996295604285696,0.3489135172350863,0.21112352672205673
606,0.07813560097592809,0.43556472399896573,0.4862996750251062
607,0.38775516865635656,0.33516628203327037,0.27707854931037307
608,0.2077560092779782,0.3360685584007182,0.45617543232130353
609,0.5747532353240351,0.15822658912252024,0.26702017555344465
610,0.2066640450059889,0.23492770193785667,0.5584082530561545
611,0.27918171431133343,0.2620926096158233,0.45872567607284326
612,0.6306793575762979,0.1874190457918566,0.18190159663184552
613,0.33736864773482417,0.4407346957506659,0.22189665651451
614,0.25406188374355404,0.45169087138110137,0.2942472448753446
615,0.203631208658415,0.4274959260223219,0.36887286531926317
616,0.23871369848813484,0.29219910986833153,0.4690871916435336
617,0.4876137253761243,0.2847826517037962,0.2276036229200796
618,0.32622677504688374,0.3560063314356127,0.3177668935175035
619,0.5829212424945686,0.30328536811351986,0.11379338939191154
620,0.6667848117105188,0.20419010583597852,0.12902508245350267
621,0.10879350890299593,0.30121314838131347,0.5899933427156906
622,0.19989342742011024,0.5946683819914879,0.2054381905884019
623,0.5660591532720679,0.2749796590711444,0.15896118765678766
624,0.2477159780059006,0.15329083930501927,0.5989931826890801
625,0.14626075753564752,0.45932654781638393,0.39441269464796846
626,0.20204548243215284,0.3429958986402857,0.4549586189275614
627,0.20331792020304204,0.48099980086745486,0.3156822789295031
628,0.32439278418814066,0.21449600196937238,0.4611112138424869
629,0.23448407151044567,0.10806806730700201,0.6574478611825524
630,0.24520859319067098,0.3558801197428536,0.39891128706647544
631,0.10387970664178632,0.35656900828338445,0.5395512850748292
632,0.13322046451459088,0.4626653985182004,0.4041141369672089
633,0.31207676715991606,0.4141194070976797,0.2738038257424042
634,0.28084303902763313,0.3567996324301021,0.3623573285422647
635,0.8822081215094189,0.04316139682359614,0.07463048166698517
636,0.27374056103201044,0.3789595554861097,0.3472998834818799
637,0.07661930854196036,0.3180145423875178,0.6053661490705218
638,0.2339662042518254,0.30602885882832104,0.46000493691985345
639,0.8258324758341407,0.12061257652820266,0.05355494763765658
640,0.14200152195485652,0.49992575768122166,0.35807272036392185
641,0.05976472163495018,0.14403138353091882,0.796203894834131
642,0.3534526295042077,0.22059101069953527,0.42595635979625707
643,0.34908984949793764,0.5373042662870025,0.11360588421505985
644,0.2765514385424495,0.4687441884744714,0.2547043729830792
645,0.11727276180179404,0.6405940102944281,0.24213322790377775
646,0.2774844085460057,0.12243091193179227,0.6000846795222021
647,0.24674876820018588,0.13728264533674983,0.6159685864630643
648,0.09270628542691312,0.28719171078144407,0.6201020037916428
649,0.35219651655846473,0.2645455658332845,0.3832579176082507
650,0.22691356589963432,0.46101903144301565,0.31206740265735
651,0.1467859460372242,0.49968864458736667,0.3535254093754092
652,0.12103958590473074,0.5509942110362261,0.32796620305904306
653,0.1303908245752158,0.1368832963191068,0.7327258791056773
654,0.21315925974192196,0.37087742117077843,0.41596331908729955
655,0.10789331453495313,0.16876584808206785,0.723340837382979
656,0.22613569397107863,0.5827218910895131,0.19114241493940823
657,0.255931031447946,0.491866844282384,0.25220212426967015
658,0.3781965924887771,0.3549061279179196,0.26689727959330334
659,0.25779168813373554,0.39224282704475255,0.349965484821512
660,0.16328644586140761,0.33179097670768715,0.5049225774309052
661,0.06442988776416586,0.1511731533006274,0.7843969589352068
662,0.1666661073903181,0.20176671923715214,0.6315671733725298
663,0.20343597171977099,0.5732174364790898,0.2233465918011392
664,0.3032199936776838,0.3081788124499282,0.38860119387238806
665,0.40949470426274276,0.3604691874796061,0.2300361082576511
666,0.19230060726804019,0.4925789170625326,0.3151204756694272
667,0.37211509476681537,0.273482443486694,0.3544024617464906
668,0.1473577144025,0.387337523430917,0.4653047621665831
669,0.27706303311587893,0.4268452578462749,0.2960917090378462
670,0.36002846990318765,0.398358156069474,0.2416133740273384
671,0.34958811094503217,0.385147589299673,0.26526429975529486
672,0.045845807661595864,0.04983666348354925,0.904317528854855
673,0.367801567059951,0.24752618810093785,0.3846722448391113
674,0.48992612901684385,0.42444896478266714,0.08562490620048896
675,0.2733722079155674,0.4505139042187476,0.2761138878656849
676,0.4127210414132411,0.4572991006019817,0.1299798579847773
677,0.09554052916010422,0.35052927806353334,0.5539301927763625
678,0.4869683858806557,0.15735867279006235,0.35567294132928184
679,0.6066721570202054,0.2627391519615716,0.13058869101822287
680,0.3669380136029316,0.409263480651555,0.2237985057455134
681,0.21705464978476094,0.49691052573266153,0.2860348244825775
682,0.40293874104539407,0.3366322120500086,0.2604290469045974
683,0.1771816877311837,0.19793503892208003,0.6248832733467363
684,0.25775715679249295,0.5707388217389591,0.17150402146854793
685,0.3234005224812182,0.4863715820443134,0.19022789547446828
686,0.31403199438657753,0.22342587722785057,0.462542128385572
687,0.4202344010471773,0.3821681992186405,0.1975973997341822
688,0.7625225387323105,0.09803408682354527,0.13944337444414437
689,0.11171487026376237,0.5319766297955617,0.356308499940676
690,0.3815324201865827,0.12787090572651064,0.49059667408690677
691,0.38820951628435785,0.13152973840452148,0.48026074531112073
692,0.5145610636089762,0.29268786638471744,0.19275107000630626
693,0.2520143223543446,0.24675304896184963,0.5012326286838057
694,0.09242989926117619,0.33068791410069465,0.5768821866381292
695,0.30534959312527626,0.4889195843565535,0.20573082251817018
696,0.4497824380049231,0.3786842964315132,0.17153326556356366
697,0.3363094897849749,0.3014762236746813,0.3622142865403438
698,0.24551796635733997,0.32307203964877756,0.4314099939938824
699,0.366274569883988,0.49995516209674656,0.1337702680192655
700,0.3108282344780978,0.3171520313801377,0.3720197341417645
701,0.44488368141866075,0.47308815721412095,0.08202816136721831
702,0.47604821408280734,0.4096384052976038,0.11431338061958886
703,0.6128284725212035,0.3123159312342907,0.0748555962445058
704,0.5210950941925685,0.22297885106802082,0.2559260547394107
705,0.2268996029620041,0.2878655947967664,0.48523480224122945
706,0.27400967707626056,0.25585790309046635,0.470132419833273
707,0.40346703080896557,0.261146269892951,0.3353866992980835
708,0.3640979729226989,0.4599298411642976,0.1759721859130035
709,0.2085797634633426,0.280367989198745,0.5110522473379124
710,0.11340518937902275,0.49575675969964694,0.39083805092133045
711,0.11604231599484499,0.23234428253049993,0.6516134014746551
712,0.13171484912009895,0.2295468348520151,0.638738316027886
713,0.21422647462003075,0.49839217506464667,0.2873813503153225
714,0.5055272215311692,0.2678415092411402,0.22663126922769067
715,0.13724961473366856,0.21254649687594945,0.650203888390382
716,0.08375027691782126,0.6446768225726983,0.2715729005094805
717,0.055427181002395264,0.3795188580366709,0.5650539609609339
718,0.18588859614006878,0.5038429456333876,0.31026845822654353
719,0.1486193593637067,0.3200050710461642,0.5313755695901291
720,0.044231543266841734,0.3423326353773776,0.6134358213557807
721,0.11369567856853907,0.6173074858515573,0.2689968355799037
722,0.16086317678113357,0.5506334274194199,0.28850339579944645
723,0.3332948834186863,0.5357134900711776,0.13099162651013607
724,0.19616989126577536,0.28104407985115065,0.5227860288830739
725,0.35340731950166615,0.4601082961075077,0.18648438439082615
726,0.4812545173545777,0.1859888079683001,0.3327566746771221
727,0.5718258386671159,0.35571662023367223,0.07245754109921186
728,0.32272463132717644,0.27041671000528467,0.40685865866753895
729,0.19879622593925148,0.1977616023671468,0.6034421716936017
730,0.4113592117332758,0.2887252510285305,0.2999155372381937
731,0.5062824195111985,0.3774800600070625,0.11623752048173902
732,0.1306529225059525,0.5984806726761692,0.2708664048178783
733,0.1667023122091392,0.4024405539143514,0.4308571338765095
734,0.31702310746360624,0.4111066371716533,0.2718702553647404
735,0.28052151191503477,0.39480023372253426,0.32467825436243086
736,0.07154978216101182,0.34565651971722455,0.5827936981217635
737,0.22712938425154908,0.6291010738035528,0.14376954194489808
738,0.36289418899920184,0.3935163839493764,0.24358942705142173
739,0.17052085297531835,0.507840251108673,0.32163889591600864
740,0.46626052263560924,0.2611544557977656,0.27258502156662506
741,0.3018765006586535,0.2572835808464676,0.4408399184948789
742,0.157391634721578,0.3572639919683878,0.48534437331003416
743,0.199545044236728,0.33977795166798447,0.4606770040952875
744,0.1473937299701482,0.4790124824265002,0.37359378760335166
745,0.06847816717241846,0.27175572412660737,0.6597661087009742
746,0.38556171197552586,0.278330829956356,0.33610745806811826
747,0.21544283940129913,0.24692892703883026,0.5376282335598707
748,0.12437962025266153,0.5126410722336369,0.36297930751370155
749,0.6945632602522706,0.2397110951782285,0.06572564456950104
750,0.5078488180850271,0.27477754892865863,0.2173736329863142
751,0.4281685713273918,0.2616187766564692,0.31021265201613907
752,0.28526832039889616,0.4425812336354193,0.27215044596568455
753,0.39233095737869583,0.28106046765293236,0.3266085749683719
754,0.32425299626481574,0.3427863232422242,0.3329606804929601
755,0.41408924299094146,0.2901420830959328,0.2957686739131256
756,0.24937416469377258,0.3572347956614293,0.39339103964479816
757,0.15467160939512836,0.33384748047116686,0.5114809101337048
758,0.14298183769227013,0.33745001354385384,0.519568148763876
759,0.49210021167600915,0.24697535762284964,0.26092443070114113
760,0.5408804873571877,0.32616189159726466,0.13295762104554762
761,0.4800090524497515,0.4268349915215562,0.09315595602869223
762,0.07134486589744841,0.5980077188508129,0.3306474152517386
763,0.44995079506864183,0.21329515389333695,0.3367540510380212
764,0.23963056438376326,0.3859575261963089,0.3744119094199278
765,0.4943094980521927,0.3058115532493152,0.19987894869849201
766,0.5408949095565403,0.35872122754281727,0.1003838629006424
767,0.24675196702315905,0.45084885326656693,0.30239917971027414
768,0.13340937510454035,0.42817107785837355,0.43841954703708597
769,0.22792732531421903,0.2899718160684915,0.4821008586172895
770,0.22708594653464234,0.5176785875524754,0.2552354659128822
771,0.35546195478975817,0.49274778675794223,0.15179025845229965
772,0.186994102529754,0.4329248475242722,0.3800810499459738
773,0.5929137902926169,0.32534072550162313,0.08174548420576
774,0.12482580853707988,0.4969287741702782,0.378245417292642
775,0.4413521934936798,0.28995244507322665,0.2686953614330935
776,0.18646524789919874,0.37727296783569364,0.43626178426510753
777,0.6421834366212772,0.2531498324484281,0.10466673093029462
778,0.10095468686500873,0.7327525916628719,0.16629272147211943
779,0.3452133254317795,0.3480184871879732,0.3067681873802472
780,0.6518950964551855,0.20203231679248027,0.14607258675233417
781,0.5685099086014671,0.26980400805615273,0.16168608334238016
782,0.24092517162471394,0.41712123622917796,0.34195359214610804
783,0.34528591994570046,0.39322594901751373,0.2614881310367858
784,0.19064025857509287,0.3173467644606844,0.49201297696422275
785,0.3377603796573809,0.40780073057355065,0.2544388897690684
786,0.2318030581834231,0.21699285707969082,0.5512040847368862
787,0.14415171024817322,0.28093816202777283,0.5749101277240539
788,0.24956637882569888,0.4311466353353957,0.3192869858389053
789,0.11005163500641045,0.3595974378640224,0.5303509271295671
790,0.09849023874531546,0.14150284860185555,0.760006912652829
791,0.43637033902211997,0.486841169378971,0.07678849159890909
792,0.586668141576647,0.3430782071516757,0.07025365127167713
793,0.47798882755557964,0.2867855435901464,0.2352256288542739
794,0.6168851256293901,0.28270461049260176,0.10041026387800825
795,0.3005380815510765,0.623286649962351,0.07617526848657256
796,0.464564390932584,0.2808387821798935,0.2545968268875224
797,0.4202344010471773,0.3821681992186405,0.1975973997341822
798,0.35461349762017763,0.4838260568464476,0.16156044553337476
799,0.19500983598855642,0.4191597784707297,0.38583038554071386
800,0.2614659127069936,0.4778663242608846,0.2606677630321218
801,0.0734748585337287,0.38334678508949876,0.5431783563767726
802,0.3079845703216755,0.4100624887178876,0.281952940960437
803,0.18725554698324445,0.24202573789025447,0.5707187151265011
804,0.5757033243979702,0.32019231437647167,0.10410436122555809
805,0.17138784663844125,0.23333299112485417,0.5952791622367046
806,0.15185845568679857,0.47686747147056696,0.3712740728426345
807,0.17073289381661222,0.4341299037712005,0.3951372024121873
808,0.23424492095094238,0.33702234038685946,0.42873273866219824
809,0.5220510871617968,0.41665924160127765,0.06128967123692551
810,0.24454523420018648,0.47386774341740173,0.28158702238241173
811,0.16976290421941903,0.3844478418674007,0.44578925391318025
812,0.4718096351302316,0.25366994511244195,0.2745204197573265
813,0.1389468517073668,0.258442510785687,0.6026106375069463
814,0.583454580711887,0.2181401753554378,0.1984052439326752
815,0.4179444221946631,0.2568554065479768,0.32520017125736
816,0.2773487583330969,0.34720334543435555,0.37544789623254765
817,0.5299331384480754,0.30080054891410235,0.16926631263782219
818,0.4160169340472884,0.373096590775369,0.21088647517734269
819,0.26259146430966523,0.22875100896091477,0.50865752672942
820,0.5084263409635614,0.2663377158054021,0.22523594323103643
821,0.3526070317612387,0.25517432177978067,0.39221864645898064
822,0.46300320429794467,0.24159985605849227,0.29539693964356306
823,0.29789687510507723,0.5652291701428586,0.1368739547520642
824,0.26516542837683904,0.5004105578336069,0.23442401378955408
825,0.3033315103008485,0.38424411047052387,0.3124243792286276
826,0.05560525264635961,0.2500328443157138,0.6943619030379267
827,0.048812382326223175,0.15010910020122772,0.8010785174725491
828,0.17512483646539986,0.4044438196551073,0.4204313438794928
829,0.1814143826837249,0.4127608896118036,0.40582472770447153
830,0.12081085899624107,0.2374608250392559,0.6417283159645031
831,0.29109218936938097,0.3754736420476088,0.3334341685830102
832,0.41480225298386286,0.39165583429810774,0.19354191271802954
833,0.8194674728426722,0.04595358694440723,0.13457894021292063
834,0.08239719921978933,0.05387345323428533,0.8637293475459253
835,0.4635229070919716,0.25904000507225866,0.2774370878357699
836,0.1062381812976349,0.6899468090758293,0.20381500962653587
837,0.38683784776219254,0.45394647008444855,0.15921568215335882
838,0.20336576074947535,0.36360937925767656,0.43302485999284823
839,0.6142379312325047,0.18889612638454434,0.19686594238295085
840,0.5484167926967686,0.17493547487833092,0.2766477324249005
841,0.07559550954619917,0.23172667454059642,0.6926778159132044
842,0.3718477985751186,0.2920323567742241,0.3361198446506573
843,0.08031872849113683,0.17935915078557296,0.7403221207232902
844,0.6226786383312917,0.11318525505933973,0.2641361066093684
845,0.3809940460843498,0.24867019707712965,0.3703357568385205
846,0.4636399420690476,0.30882843118976866,0.22753162674118393
847,0.36671991339115184,0.24232389243527808,0.39095619417357014
848,0.7092798211356162,0.24804532781296815,0.04267485105141563
849,0.3211668041679472,0.36533905004690287,0.31349414578515
850,0.41476469241929287,0.31249836532296554,0.27273694225774164
851,0.2629982853325022,0.4377747623319784,0.2992269523355195
852,0.14486983443343232,0.6363457832384616,0.21878438232810604
853,0.11908108034832146,0.49007875595694794,0.3908401636947307
854,0.39909459965003696,0.5594396979348798,0.04146570241508319
855,0.41480225298386286,0.39165583429810774,0.19354191271802954
856,0.2721468633260067,0.29928620795007355,0.4285669287239198
857,0.4323149541859417,0.24952379991410795,0.3181612458999502
858,0.31361537031164805,0.22619355134099814,0.46019107834735384
859,0.2671240210927868,0.4193820962801637,0.3134938826270495
860,0.238193320656292,0.5543780571704967,0.20742862217321134
861,0.7325416737637365,0.1644105967535459,0.10304772948271768
862,0.32416364321594593,0.21793453082792677,0.45790182595612733
863,0.8614676798791004,0.08968891491449868,0.04884340520640085
864,0.2541293587856437,0.3297486673199212,0.41612197389443517
865,0.2084035370032619,0.20034300596985774,0.5912534570268803
866,0.44637178092526003,0.4612125185807277,0.09241570049401229
867,0.19757915401335438,0.27696286866968534,0.5254579773169602
868,0.22901858773183148,0.4188834335901828,0.35209797867798565
869,0.4001425619569613,0.26719041298988744,0.3326670250531512
870,0.6663022859846846,0.19579001211316915,0.1379077019021463
871,0.3573613585741319,0.33301960744434,0.309619033981528
872,0.07026048359685075,0.29868714869875396,0.6310523677043953
873,0.3907277976158592,0.5144766132259996,0.09479558915814135
874,0.7568848866261063,0.168934153943929,0.07418095942996471
875,0.26236592244342327,0.30379626453204234,0.43383781302453434
876,0.8024101020073355,0.06357475615817947,0.13401514183448496
877,0.15494721362236327,0.6547203560842025,0.19033243029343427
878,0.051127005813773836,0.08085966842109278,0.8680133257651333
879,0.4576204142825534,0.3681750950278988,0.17420449068954771
880,0.34716414879886237,0.4354931212136463,0.21734272998749132
881,0.28242737750048924,0.5729397409184417,0.1446328815810691
882,0.12061009102979942,0.38798998929514794,0.4913999196750527
883,0.3822510595761372,0.454866704659965,0.1628822357638978
884,0.3173117369370056,0.5433691905963921,0.1393190724666023
885,0.1458334326595976,0.24581073426853453,0.6083558330718679
886,0.24751201288197652,0.4424813035257216,0.31000668359230177
887,0.2997323839235764,0.4506207303697234,0.24964688570670024
888,0.14707026607957843,0.6342691354735486,0.21866059844687294
889,0.6368995790278,0.17153875052208686,0.19156167045011313
890,0.17133672905430183,0.39419423188921593,0.4344690390564822
891,0.48588778557782825,0.3056619958298477,0.20845021859232415
892,0.1900830401515449,0.3554521685264147,0.4544647913220404
893,0.1987069911031531,0.2590924832129912,0.5422005256838557
894,0.4756686087914482,0.18066099042466835,0.34367040078388356
895,0.678399313230646,0.2272874411968233,0.0943132455725307
896,0.050027797267411876,0.22838408644135838,0.7215881162912298
897,0.21689603799443993,0.2885339122433177,0.49457004976224245
898,0.40432832862474655,0.38234928816272723,0.21332238321252625
899,0.20796984279517858,0.6078876839006723,0.18414247330414904
