id,representacao,classificador,parametros,f1_macro_mean,f1_macro_std,accuracy_mean,fold_scores,accuracy_folds,duracao_segundos,status,erro
45,word_12,LinearSVC,"{""C"": 0.1, ""class_weight"": null}",0.44900563388691805,0.007282517127956141,0.45168890768517594,"[0.4414071693477825, 0.4599464481850486, 0.44933989562457155, 0.45089772188854277, 0.4434369343886448]","[0.4441679626749611, 0.46220839813374803, 0.4528771384136858, 0.4530180460485376, 0.44617299315494713]",21.38289213180542,concluido,
46,word_12,LinearSVC,"{""C"": 0.1, ""class_weight"": ""balanced""}",0.448866252790007,0.0067391817629864305,0.45175101930608796,"[0.4431862035120706, 0.45745985263046746, 0.4511544018748461, 0.45159404723458846, 0.44093675869806215]","[0.4460342146189736, 0.4600311041990669, 0.455054432348367, 0.4536403235843186, 0.4439950217797137]",21.335341930389404,concluido,
165,word_charwb,LinearSVC,"{""C"": 0.1, ""class_weight"": null}",0.44874627708822673,0.0067396466109863745,0.4508800630213268,"[0.4501866107048391, 0.4574299079833583, 0.44341572664540313, 0.4520200269168571, 0.4406791131906758]","[0.45194401244167964, 0.45878693623639194, 0.44665629860031103, 0.4536403235843186, 0.4433727442439328]",125.95901417732239,concluido,
85,char_35,LinearSVC,"{""C"": 0.1, ""class_weight"": null}",0.4487357997145363,0.004488165334819455,0.45181324705966597,"[0.4532337614667386, 0.44661050830437476, 0.4516847712700593, 0.4501351277353169, 0.44201482979619167]","[0.45629860031104197, 0.4485225505443235, 0.45629860031104197, 0.4523957685127567, 0.44555071561916615]",156.19008207321167,concluido,
118,char_35,SGD_log_loss,"{""alpha"": 0.0001, ""class_weight"": ""balanced""}",0.44833940849432585,0.009033624413863154,0.4530573376005636,"[0.45593659106736273, 0.44691694717654445, 0.45018425093119996, 0.45507962098387306, 0.4335796323126489]","[0.45816485225505443, 0.45194401244167964, 0.45847589424572316, 0.4579962663347853, 0.4387056627255756]",142.2791919708252,concluido,
78,word_12,SGD_log_loss,"{""alpha"": 0.0001, ""class_weight"": ""balanced""}",0.44833471702591865,0.0058508058000465,0.4514399386045305,"[0.44419123454997583, 0.4575303926014495, 0.4472614588637828, 0.4499598707696945, 0.44273062834469035]","[0.4457231726283048, 0.4609642301710731, 0.4534992223950233, 0.4517734909769757, 0.4452395768512757]",20.89364981651306,concluido,
77,word_12,SGD_log_loss,"{""alpha"": 0.0001, ""class_weight"": null}",0.4480487908778829,0.00477994135222904,0.45094213593135013,"[0.4448079918988029, 0.45563679284709896, 0.4494453492551196, 0.44673656284649993, 0.44361725754189335]","[0.4463452566096423, 0.45878693623639194, 0.4547433903576983, 0.4489732420659614, 0.4458618543870566]",20.938886165618896,concluido,
164,word_charwb,LinearSVC,"{""C"": 0.03, ""class_weight"": ""balanced""}",0.4479915345188255,0.003009245347428589,0.45218657487024594,"[0.44754242401039884, 0.45088854643818865, 0.4493263666173226, 0.4491572528791732, 0.4430430826490443]","[0.45225505443234837, 0.45443234836702956, 0.455054432348367, 0.4520846297448662, 0.44710640945861857]",121.76645493507385,concluido,
198,word_charwb,SGD_log_loss,"{""alpha"": 0.0001, ""class_weight"": ""balanced""}",0.44760213673567045,0.0066477584576424085,0.44870282715297866,"[0.4419800582503745, 0.4527126801904671, 0.4478758469576692, 0.4554327983429562, 0.44000929993688526]","[0.4419906687402799, 0.45381026438569205, 0.44976671850699845, 0.4542626011200996, 0.44368388301182327]",121.56535816192627,concluido,
197,word_charwb,SGD_log_loss,"{""alpha"": 0.0001, ""class_weight"": null}",0.44750089108776325,0.006343837840784435,0.44901369494464827,"[0.4437639037810593, 0.4522880189003029, 0.4486248679870162, 0.4541749125310816, 0.43865275223935624]","[0.44447900466562984, 0.4547433903576983, 0.4506998444790047, 0.4530180460485376, 0.4421281891723709]",121.49444913864136,concluido,
5,word_1,LinearSVC,"{""C"": 0.1, ""class_weight"": null}",0.44748859498553484,0.011248743973623965,0.45032065196878734,"[0.4314352209374717, 0.46117761357926756, 0.44481438813423785, 0.45454615655126984, 0.44546959572542716]","[0.4354587869362364, 0.46283048211508554, 0.4488335925349922, 0.45644057249533293, 0.44803982576228996]",9.033721208572388,concluido,
166,word_charwb,LinearSVC,"{""C"": 0.1, ""class_weight"": ""balanced""}",0.44745109460850685,0.006116663907976439,0.4498844963858547,"[0.4490989222972548, 0.4553911946514037, 0.44426605860273166, 0.4494096302903483, 0.43908966720079584]","[0.45132192846034214, 0.4569206842923795, 0.447900466562986, 0.4511512134411948, 0.4421281891723709]",126.3410050868988,concluido,
86,char_35,LinearSVC,"{""C"": 0.1, ""class_weight"": ""balanced""}",0.4474453579674577,0.00693171293113977,0.4509420585095727,"[0.4549228040226207, 0.4467702550210975, 0.4485811048671029, 0.45065370997161014, 0.43629891595485737]","[0.45847589424572316, 0.4488335925349922, 0.45381026438569205, 0.4530180460485376, 0.4405724953329185]",150.75408554077148,concluido,
117,char_35,SGD_log_loss,"{""alpha"": 0.0001, ""class_weight"": null}",0.44741422076376763,0.0069243991211273325,0.4519378767658214,"[0.45180487361224125, 0.4425282753537399, 0.4491779383144882, 0.4552865871112868, 0.4382734294270822]","[0.45412130637636083, 0.44727838258164854, 0.4569206842923795, 0.4583074051026758, 0.44306160547604234]",142.14817237854004,concluido,
48,word_12,LinearSVC,"{""C"": 0.3, ""class_weight"": ""balanced""}",0.44739235076294115,0.0073535797779331275,0.4486402510014023,"[0.4437876414596822, 0.45929421484977045, 0.44437719219444277, 0.44914517337876986, 0.44035753193204014]","[0.4447900466562986, 0.4603421461897356, 0.4460342146189736, 0.44990665836963284, 0.4421281891723709]",22.629112005233765,concluido,
47,word_12,LinearSVC,"{""C"": 0.3, ""class_weight"": null}",0.4471875463470883,0.0075403305175062016,0.44839128192075695,"[0.44301722153565876, 0.4603584212839588, 0.44516251159496995, 0.44571635858339187, 0.4416832187374619]","[0.4441679626749611, 0.46127527216174186, 0.44665629860031103, 0.44679527069072805, 0.44306160547604234]",22.710216283798218,concluido,
163,word_charwb,LinearSVC,"{""C"": 0.03, ""class_weight"": null}",0.44675793471876507,0.0023898973927153444,0.4505069287651904,"[0.44389315186703343, 0.44938991402413137, 0.4478936229125255, 0.4480406714980845, 0.44457231329205077]","[0.44821150855365477, 0.4525660964230171, 0.4528771384136858, 0.4508400746733043, 0.44803982576228996]",122.16050934791565,concluido,
6,word_1,LinearSVC,"{""C"": 0.1, ""class_weight"": ""balanced""}",0.4465571120848561,0.008048841953369782,0.44988507704918507,"[0.43599300034257626, 0.4569557387290479, 0.4422450972759702, 0.4511181518299179, 0.44647357224676815]","[0.44074650077760497, 0.45909797822706067, 0.44696734059097976, 0.4530180460485376, 0.4495955196017424]",8.988982677459717,concluido,
72,word_12,SGD_hinge,"{""alpha"": 0.0001, ""class_weight"": ""balanced""}",0.4463727837874181,0.00980043405290303,0.45050665778896953,"[0.4474291876184087, 0.45701932730468925, 0.440952090942985, 0.4537343200272758, 0.43272899304373186]","[0.4506998444790047, 0.46065318818040435, 0.44665629860031103, 0.45768512756689483, 0.4368388301182327]",21.809805154800415,concluido,
84,char_35,LinearSVC,"{""C"": 0.03, ""class_weight"": ""balanced""}",0.4456008266389914,0.002284181108655506,0.45119145340999384,"[0.4448146235945394, 0.4435498363517425, 0.44744355648619866, 0.4485633296505183, 0.44363278711195814]","[0.4506998444790047, 0.4485225505443235, 0.45412130637636083, 0.45270690728064716, 0.44990665836963284]",146.66000771522522,concluido,
126,charwb_35,LinearSVC,"{""C"": 0.1, ""class_weight"": ""balanced""}",0.4455599337561854,0.007139889721441248,0.44901309492587355,"[0.4535221211602547, 0.4456842757018195, 0.44964545930086003, 0.44446034956087144, 0.4344874630571213]","[0.45660964230171075, 0.44821150855365477, 0.4547433903576983, 0.44679527069072805, 0.4387056627255756]",98.81401705741882,concluido,
125,charwb_35,LinearSVC,"{""C"": 0.1, ""class_weight"": null}",0.44548447890309406,0.0073186476541573535,0.44845308385455934,"[0.45232185921083046, 0.4476783658763237, 0.4496211921750349, 0.4443262259868416, 0.4334747512664395]","[0.4547433903576983, 0.4500777604976672, 0.45412130637636083, 0.4464841319228376, 0.4368388301182327]",98.90862441062927,concluido,
44,word_12,LinearSVC,"{""C"": 0.03, ""class_weight"": ""balanced""}",0.4451365063611391,0.004958276378703215,0.45069396042392296,"[0.43777893651950367, 0.44672472904201904, 0.4443448570892667, 0.4515420395906718, 0.4452919695642345]","[0.4438569206842924, 0.4525660964230171, 0.45163297045101086, 0.4548848786558805, 0.4505289359054138]",20.825697660446167,concluido,
83,char_35,LinearSVC,"{""C"": 0.03, ""class_weight"": null}",0.44497147673352344,0.003611557394288655,0.45013369773183226,"[0.4418407785768232, 0.44244128911993297, 0.4509413193074952, 0.44519350824480286, 0.4444404884185631]","[0.44758942457231726, 0.44727838258164854, 0.45660964230171075, 0.4492843808338519, 0.44990665836963284]",140.61467170715332,concluido,
37,word_1,SGD_log_loss,"{""alpha"": 0.0001, ""class_weight"": null}",0.4449249342480039,0.008711067430953793,0.4481429322143306,"[0.4326433290859966, 0.4565581130624709, 0.4437938905707073, 0.448507213770462, 0.4431221247503829]","[0.43421461897356145, 0.4594090202177294, 0.4494556765163297, 0.4511512134411948, 0.4464841319228376]",9.066777467727661,concluido,
124,charwb_35,LinearSVC,"{""C"": 0.03, ""class_weight"": ""balanced""}",0.4448103044813304,0.0037914668274502336,0.4504443719690583,"[0.4467766965054925, 0.443952270145659, 0.4503475672928376, 0.44120951316898527, 0.44176547529367766]","[0.4525660964230171, 0.44914463452566095, 0.4572317262830482, 0.4452395768512757, 0.44803982576228996]",96.43532371520996,concluido,
71,word_12,SGD_hinge,"{""alpha"": 0.0001, ""class_weight"": null}",0.44477646166916446,0.010959612023383046,0.4490134626793161,"[0.44676558563760976, 0.4590540563093799, 0.4348030711134346, 0.45038692479068976, 0.43287267049470834]","[0.4506998444790047, 0.46220839813374803, 0.44074650077760497, 0.45395146235220907, 0.4374611076540137]",21.799524307250977,concluido,
4,word_1,LinearSVC,"{""C"": 0.03, ""class_weight"": ""balanced""}",0.4446483753459479,0.003976270550273323,0.450444739722501,"[0.4428529035949354, 0.45070249494555603, 0.44081598916245995, 0.44650753716380365, 0.44236295186298497]","[0.4500777604976672, 0.4553654743390358, 0.44758942457231726, 0.4508400746733043, 0.4483509645301805]",8.817255735397339,concluido,
128,charwb_35,LinearSVC,"{""C"": 0.3, ""class_weight"": ""balanced""}",0.44421273304044345,0.006807329637267642,0.44602705310456486,"[0.45562610249180685, 0.4437314440518622, 0.4405403739467215, 0.44332370319221176, 0.437842041519615]","[0.4575427682737169, 0.4447900466562986, 0.44292379471228616, 0.44492843808338517, 0.4399502177971375]",104.06400895118713,concluido,
38,word_1,SGD_log_loss,"{""alpha"": 0.0001, ""class_weight"": ""balanced""}",0.44414566042225045,0.009516171505872898,0.44764536180648234,"[0.4300438685368562, 0.4537411431715221, 0.4438283684178819, 0.4520146589341552, 0.44110026305083677]","[0.43172628304821153, 0.4572317262830482, 0.4500777604976672, 0.4542626011200996, 0.44492843808338517]",9.050955533981323,concluido,
158,charwb_35,SGD_log_loss,"{""alpha"": 0.0001, ""class_weight"": ""balanced""}",0.44403293775086344,0.008217081236019467,0.4488266052195827,"[0.45551876081831993, 0.4379942276993223, 0.4474901877861148, 0.44458551031784727, 0.4345760021327129]","[0.4578538102643857, 0.4438569206842924, 0.4547433903576983, 0.4477286869943995, 0.4399502177971375]",95.77065587043762,concluido,
127,charwb_35,LinearSVC,"{""C"": 0.3, ""class_weight"": null}",0.4437657831505607,0.006896788184066348,0.4452804749051825,"[0.45444981222162495, 0.442411396617179, 0.4417014606285338, 0.444803564450065, 0.4354626818354009]","[0.45598755832037324, 0.4432348367029549, 0.44354587869362366, 0.44617299315494713, 0.4374611076540137]",107.57015919685364,concluido,
123,charwb_35,LinearSVC,"{""C"": 0.03, ""class_weight"": null}",0.4431199985640396,0.004164785096691738,0.4482046954372443,"[0.44581576289876645, 0.4393501197359089, 0.4490793012784498, 0.44019949909678485, 0.44115530981028833]","[0.4506998444790047, 0.44447900466562984, 0.4553654743390358, 0.44368388301182327, 0.44679527069072805]",96.406907081604,concluido,
88,char_35,LinearSVC,"{""C"": 0.3, ""class_weight"": ""balanced""}",0.4427465514176984,0.007885523908875203,0.4445962018811557,"[0.4543534793448865, 0.4369197812557449, 0.44229960361485915, 0.4458084975732473, 0.43435139529975425]","[0.4556765163297045, 0.43825816485225505, 0.44510108864696735, 0.44741754822650903, 0.43652769135034225]",159.6659860610962,concluido,
111,char_35,SGD_hinge,"{""alpha"": 0.0001, ""class_weight"": null}",0.4427307330526761,0.00793823022744492,0.4478938276455747,"[0.45027770900571956, 0.44018591471346974, 0.4396822832356364, 0.4511726772940523, 0.4323350810145022]","[0.45412130637636083, 0.4441679626749611, 0.447900466562986, 0.4579962663347853, 0.43528313627878035]",148.39831233024597,concluido,
168,word_charwb,LinearSVC,"{""C"": 0.3, ""class_weight"": ""balanced""}",0.4425511647384626,0.00680008150404391,0.44366280493292853,"[0.44632292193711126, 0.4526890254130886, 0.43699751801257597, 0.4394238797783914, 0.437322478551146]","[0.44696734059097976, 0.4531881804043546, 0.4385692068429238, 0.4405724953329185, 0.4390168014934661]",139.31728172302246,concluido,
191,word_charwb,SGD_hinge,"{""alpha"": 0.0001, ""class_weight"": null}",0.4422081985341628,0.010989542232708382,0.4442221966300236,"[0.44413830425884376, 0.45928074463904056, 0.44065339548441623, 0.4375617665894494, 0.42940678169906416]","[0.4454121306376361, 0.4603421461897356, 0.44354587869362366, 0.440261356565028, 0.4315494710640946]",130.3372745513916,concluido,
157,charwb_35,SGD_log_loss,"{""alpha"": 0.0001, ""class_weight"": null}",0.4420939950532084,0.008250040767283534,0.4466488854651258,"[0.45018346252442126, 0.4392704551602653, 0.4481337556119829, 0.4434573048249013, 0.4294249971444712]","[0.4525660964230171, 0.44447900466562984, 0.4553654743390358, 0.4464841319228376, 0.4343497199751089]",95.79661870002747,concluido,
192,word_charwb,SGD_hinge,"{""alpha"": 0.0001, ""class_weight"": ""balanced""}",0.44203512561169217,0.010918690812883991,0.44453333539791406,"[0.4447942755093716, 0.4575831899401222, 0.439769351577969, 0.4408597831550347, 0.42716902787596306]","[0.44696734059097976, 0.4600311041990669, 0.4423017107309487, 0.4427504667081518, 0.43061605476042314]",130.70432543754578,concluido,
8,word_1,LinearSVC,"{""C"": 0.3, ""class_weight"": ""balanced""}",0.44203456192625207,0.004605393996607069,0.4436009836436818,"[0.4357006218998171, 0.4465629950943095, 0.4448211111420998, 0.4443695525289453, 0.43871852896608826]","[0.4376360808709176, 0.44727838258164854, 0.44727838258164854, 0.44555071561916615, 0.440261356565028]",9.861299276351929,concluido,
87,char_35,LinearSVC,"{""C"": 0.3, ""class_weight"": null}",0.44194940648122455,0.00788807665538356,0.4436010417100148,"[0.45126093874667234, 0.43529781970496223, 0.439902265828866, 0.4491782619806813, 0.43410774614494113]","[0.4525660964230171, 0.4363919129082426, 0.4423017107309487, 0.4508400746733043, 0.43590541381456127]",159.44837713241577,concluido,
7,word_1,LinearSVC,"{""C"": 0.3, ""class_weight"": null}",0.441826736752678,0.00547208771038749,0.4431032003259457,"[0.43621929280376204, 0.4503192483652365, 0.44106854071004414, 0.44334904472548126, 0.438177557158866]","[0.4376360808709176, 0.4506998444790047, 0.4432348367029549, 0.4446172993154947, 0.4393279402613566]",9.747700929641724,concluido,
112,char_35,SGD_hinge,"{""alpha"": 0.0001, ""class_weight"": ""balanced""}",0.4417329445374737,0.008980712154472922,0.44820475350357736,"[0.4528003896129042, 0.4397047341789872, 0.44004770157536327, 0.44716995283614835, 0.42894194448396544]","[0.4569206842923795, 0.4441679626749611, 0.4485225505443235, 0.4530180460485376, 0.43839452395768513]",148.20627307891846,concluido,
75,word_12,SGD_log_loss,"{""alpha"": 1e-05, ""class_weight"": null}",0.44116945116486905,0.008274024458420398,0.44154729357660544,"[0.4377674927267407, 0.4555650383917324, 0.4406328404796163, 0.43612682554079824, 0.43575505868545744]","[0.43950233281493, 0.4547433903576983, 0.44074650077760497, 0.43590541381456127, 0.4368388301182327]",21.828420877456665,concluido,
200,word_charwb,SGD_log_loss,"{""alpha"": 0.001, ""class_weight"": ""balanced""}",0.44112314179162804,0.0024387286767449624,0.4474583495031942,"[0.43713744612839256, 0.44118273995936974, 0.44269551375250665, 0.4411472030053118, 0.44345280611255916]","[0.44821150855365477, 0.4454121306376361, 0.4506998444790047, 0.44617299315494713, 0.44679527069072805]",117.85016322135925,concluido,
167,word_charwb,LinearSVC,"{""C"": 0.3, ""class_weight"": null}",0.4411064433439694,0.0064075441820161325,0.44216972595594123,"[0.44496098780778387, 0.45005222108367193, 0.4350299226861451, 0.43995962501523, 0.43552946012701627]","[0.4454121306376361, 0.4506998444790047, 0.4363919129082426, 0.44119477286869946, 0.43714996888612323]",138.9117443561554,concluido,
199,word_charwb,SGD_log_loss,"{""alpha"": 0.001, ""class_weight"": null}",0.4410925069229382,0.0022372881602893816,0.44652489448863397,"[0.4396090714306209, 0.44263362914336585, 0.44369735932718973, 0.4413606718391456, 0.4381618028743686]","[0.4463452566096423, 0.44758942457231726, 0.4510108864696734, 0.4458618543870566, 0.4418170504044804]",117.81994032859802,concluido,
43,word_12,LinearSVC,"{""C"": 0.03, ""class_weight"": null}",0.4410817391973086,0.004671115816848402,0.446587393218433,"[0.4342635671353703, 0.4416478964551433, 0.446142803024427, 0.44433670132929964, 0.4390177280423028]","[0.44043545878693624, 0.44758942457231726, 0.4525660964230171, 0.44803982576228996, 0.44430616054760425]",20.991602659225464,concluido,
162,word_charwb,LinearSVC,"{""C"": 0.01, ""class_weight"": ""balanced""}",0.4410213725634492,0.0028439644723642094,0.44770712502939614,"[0.44322397057770163, 0.4381098128540903, 0.4441447708355315, 0.441596505105825, 0.43803180344409737]","[0.4500777604976672, 0.44447900466562984, 0.45194401244167964, 0.44679527069072805, 0.4452395768512757]",120.97255849838257,concluido,
76,word_12,SGD_log_loss,"{""alpha"": 1e-05, ""class_weight"": ""balanced""}",0.4406427797390336,0.008447974552430288,0.4411116218797814,"[0.4371162382183036, 0.4535985392235948, 0.44368523886704625, 0.4374199940425958, 0.43139388834362746]","[0.43950233281493, 0.4528771384136858, 0.4438569206842924, 0.4368388301182327, 0.432482887367766]",21.889140605926514,concluido,
161,word_charwb,LinearSVC,"{""C"": 0.01, ""class_weight"": null}",0.4404567872945703,0.0034737370181555814,0.44696060489634676,"[0.4390480971058029, 0.4380651294693651, 0.44576527232345264, 0.4420739746099531, 0.43733146296427755]","[0.4457231726283048, 0.44447900466562984, 0.4528771384136858, 0.44741754822650903, 0.44430616054760425]",120.45930981636047,concluido,
3,word_1,LinearSVC,"{""C"": 0.03, ""class_weight"": null}",0.44023217061045966,0.00484035487891628,0.44534307041220317,"[0.4366751748882543, 0.4479091739760712, 0.43601708675300976, 0.44175552891374914, 0.4388038885212138]","[0.4432348367029549, 0.45194401244167964, 0.4416796267496112, 0.4458618543870566, 0.4439950217797137]",8.75920033454895,concluido,
152,charwb_35,SGD_hinge,"{""alpha"": 0.0001, ""class_weight"": ""balanced""}",0.43960806150248927,0.009286817137126185,0.444782614165669,"[0.4460040985052454, 0.44857067482924506, 0.4299466172799022, 0.4443149061521603, 0.42920401074589365]","[0.45132192846034214, 0.4525660964230171, 0.43950233281493, 0.44803982576228996, 0.432482887367766]",99.49162912368774,concluido,
151,charwb_35,SGD_hinge,"{""alpha"": 0.0001, ""class_weight"": null}",0.43931574194806505,0.008638903089554215,0.44428475342615564,"[0.4489640254761335, 0.44661467927989734, 0.43093524565630537, 0.43978798804470837, 0.4302767712832807]","[0.45412130637636083, 0.4500777604976672, 0.43981337480559873, 0.44368388301182327, 0.4337274424393279]",99.73585438728333,concluido,
49,word_12,LinearSVC,"{""C"": 1, ""class_weight"": null}",0.4387681605365218,0.010843912723520557,0.439245544134768,"[0.43473172216471884, 0.45474450479887163, 0.43379759922230976, 0.4439389200750358, 0.42662805642167306]","[0.4348367029548989, 0.455054432348367, 0.43421461897356145, 0.44492843808338517, 0.4271935283136279]",26.78902292251587,concluido,
156,charwb_35,SGD_log_loss,"{""alpha"": 1e-05, ""class_weight"": ""balanced""}",0.43863346085908006,0.006534590422302313,0.44011661655219536,"[0.4499465958122853, 0.4351799988993259, 0.43650869116835117, 0.43799433389093406, 0.433537684524504]","[0.4528771384136858, 0.4345256609642302, 0.4385692068429238, 0.44088363410080894, 0.4337274424393279]",102.5982506275177,concluido,
31,word_1,SGD_hinge,"{""alpha"": 0.0001, ""class_weight"": null}",0.4385098825580451,0.006906344418039036,0.44328988358668,"[0.43768219371856865, 0.4460503635643949, 0.4307612471392714, 0.4450555987137496, 0.43300000965424107]","[0.4432348367029549, 0.44976671850699845, 0.4385692068429238, 0.44803982576228996, 0.4368388301182327]",9.495039463043213,concluido,
155,charwb_35,SGD_log_loss,"{""alpha"": 1e-05, ""class_weight"": null}",0.4384300876089758,0.007079783287055282,0.43980545842886054,"[0.45080130631821874, 0.437598813343792, 0.4342585215530301, 0.4357963252130492, 0.4336954716167887]","[0.4531881804043546, 0.4370139968895801, 0.43608087091757386, 0.4387056627255756, 0.43403858120721844]",102.38110280036926,concluido,
50,word_12,LinearSVC,"{""C"": 1, ""class_weight"": ""balanced""}",0.43842486548884174,0.010685489927930331,0.43893446343321063,"[0.4336089604128273, 0.4544904743158206, 0.43395219323436923, 0.4431743217320925, 0.4268983777490991]","[0.43390357698289267, 0.4547433903576983, 0.4345256609642302, 0.4439950217797137, 0.42750466708151835]",26.793790817260742,concluido,
130,charwb_35,LinearSVC,"{""C"": 1, ""class_weight"": ""balanced""}",0.43831367555621964,0.009769263857071225,0.4392450215377707,"[0.4543182513721689, 0.43967221125279954, 0.4364498365277014, 0.43026876041391376, 0.43085931821451456]","[0.4547433903576983, 0.4401244167962675, 0.4376360808709176, 0.4312383322962041, 0.432482887367766]",122.051096200943,concluido,
73,word_12,SGD_hinge,"{""alpha"": 0.001, ""class_weight"": null}",0.4382950864749671,0.011889515097628051,0.4487651323283341,"[0.44277540938158005, 0.4507805974764573, 0.41882368364540784, 0.44144609810202634, 0.4376496437693638]","[0.4510108864696734, 0.4575427682737169, 0.43576982892690513, 0.4530180460485376, 0.4464841319228376]",20.351970672607422,concluido,
194,word_charwb,SGD_hinge,"{""alpha"": 0.001, ""class_weight"": ""balanced""}",0.43826955633342235,0.005838867660925595,0.45044456552350187,"[0.44485814306164384, 0.44211159484037993, 0.4310779340321346, 0.43990841073682846, 0.43339169899612484]","[0.45443234836702956, 0.4494556765163297, 0.45194401244167964, 0.4517734909769757, 0.4446172993154947]",118.82567858695984,concluido,
32,word_1,SGD_hinge,"{""alpha"": 0.0001, ""class_weight"": ""balanced""}",0.43792174140334933,0.005614396868485222,0.44297872546334516,"[0.4311405794044922, 0.4450568577249965, 0.43700428302740607, 0.44195790866593127, 0.43444907819392053]","[0.4385692068429238, 0.44976671850699845, 0.44354587869362366, 0.4452395768512757, 0.43777224642190415]",9.459880590438843,concluido,
129,charwb_35,LinearSVC,"{""C"": 1, ""class_weight"": null}",0.4374134720362638,0.009638814049145404,0.43818734328138653,"[0.452870746834885, 0.4398497438338067, 0.4350845980437023, 0.4299559510069793, 0.42930632046194567]","[0.4531881804043546, 0.4401244167962675, 0.43608087091757386, 0.4309271935283136, 0.43061605476042314]",122.81644058227539,concluido,
193,word_charwb,SGD_hinge,"{""alpha"": 0.001, ""class_weight"": null}",0.4371943082542183,0.006658588278571004,0.44839153354153344,"[0.4462622748054191, 0.43627849624440646, 0.4329182522575555, 0.4411079142003497, 0.42940460376336054]","[0.4553654743390358, 0.44354587869362366, 0.44914463452566095, 0.4520846297448662, 0.4418170504044804]",119.05146098136902,concluido,
116,char_35,SGD_log_loss,"{""alpha"": 1e-05, ""class_weight"": ""balanced""}",0.4369482337363858,0.006340334873450793,0.4386234407979863,"[0.44032417681447605, 0.4366713572363657, 0.43638205405546643, 0.4442198642954323, 0.4271437162801888]","[0.44354587869362366, 0.4370139968895801, 0.44074650077760497, 0.4439950217797137, 0.4278158058494088]",149.71820759773254,concluido,
195,word_charwb,SGD_log_loss,"{""alpha"": 1e-05, ""class_weight"": null}",0.43661249047916817,0.009175412555319572,0.43762750640907144,"[0.4409475284462638, 0.4507104048451633, 0.43179941538637734, 0.4310856767019137, 0.42851942701612283]","[0.4413685847589425, 0.44976671850699845, 0.4348367029548989, 0.433105164903547, 0.4290603609209708]",128.13541102409363,concluido,
196,word_charwb,SGD_log_loss,"{""alpha"": 1e-05, ""class_weight"": ""balanced""}",0.43650118735100313,0.008049242282557892,0.43768969545176095,"[0.4415475711732813, 0.44787954299129207, 0.43377576065421586, 0.4308690494952277, 0.42843401244099866]","[0.4423017107309487, 0.44727838258164854, 0.4370139968895801, 0.433105164903547, 0.42874922215308026]",128.24136352539062,concluido,
74,word_12,SGD_hinge,"{""alpha"": 0.001, ""class_weight"": ""balanced""}",0.43623375074260745,0.012350909708971554,0.44739621852683775,"[0.4431878487404159, 0.4481051321543297, 0.41666672527640536, 0.44094890382446517, 0.4322601437174211]","[0.4528771384136858, 0.455054432348367, 0.4348367029548989, 0.4520846297448662, 0.4421281891723709]",20.4297878742218,concluido,
89,char_35,LinearSVC,"{""C"": 1, ""class_weight"": null}",0.4358462407668112,0.008717898011629189,0.4366947094796192,"[0.44693923449219325, 0.43761581172488456, 0.4295405384655297, 0.440202041303144, 0.4249335778483047]","[0.44727838258164854, 0.4379471228615863, 0.4307931570762053, 0.44119477286869946, 0.42626011200995645]",196.5182750225067,concluido,
113,char_35,SGD_hinge,"{""alpha"": 0.001, ""class_weight"": null}",0.4358457854118446,0.00781931579043802,0.45000914544745435,"[0.4483438715841632, 0.42730329295340175, 0.4340366455440039, 0.4369877157328086, 0.43255740124484543]","[0.4556765163297045, 0.4416796267496112, 0.4556765163297045, 0.4517734909769757, 0.4452395768512757]",138.40818786621094,concluido,
90,char_35,LinearSVC,"{""C"": 1, ""class_weight"": ""balanced""}",0.4356455680057335,0.007332735889781263,0.4365081810624397,"[0.4461940066109902, 0.4372506640883509, 0.4282766563396465, 0.4374653227455618, 0.429041190244118]","[0.4463452566096423, 0.4376360808709176, 0.42954898911353034, 0.43839452395768513, 0.43061605476042314]",188.16947865486145,concluido,
115,char_35,SGD_log_loss,"{""alpha"": 1e-05, ""class_weight"": null}",0.43561647150566085,0.00641800958363892,0.4372544882856012,"[0.44078099879775623, 0.4375615695245439, 0.4345460253591012, 0.4401773153598127, 0.42501644848709036]","[0.4438569206842924, 0.4379471228615863, 0.4385692068429238, 0.4399502177971375, 0.425948973242066]",150.1895034313202,concluido,
170,word_charwb,LinearSVC,"{""C"": 1, ""class_weight"": ""balanced""}",0.43541508878905455,0.010567145442768348,0.4358852067306622,"[0.44670788689354474, 0.4470865353555153, 0.42991400534971963, 0.42697106524995126, 0.4263959510965421]","[0.44665629860031103, 0.44727838258164854, 0.4307931570762053, 0.4278158058494088, 0.4268823895457374]",175.7480185031891,concluido,
160,charwb_35,SGD_log_loss,"{""alpha"": 0.001, ""class_weight"": ""balanced""}",0.43471453912882313,0.006032025651981692,0.4419831007615399,"[0.44210005218922177, 0.42779803810839007, 0.43889811723911737, 0.4296650179360517, 0.4351114701713348]","[0.44821150855365477, 0.43576982892690513, 0.44758942457231726, 0.43590541381456127, 0.44243932794026136]",93.56155896186829,concluido,
114,char_35,SGD_hinge,"{""alpha"": 0.001, ""class_weight"": ""balanced""}",0.43452406538841454,0.004458046911781566,0.449324678868984,"[0.4420593976295375, 0.43477411590271126, 0.431775085261449, 0.4331043640446867, 0.43090736410368846]","[0.4525660964230171, 0.4463452566096423, 0.4534992223950233, 0.44990665836963284, 0.44430616054760425]",138.34441614151,concluido,
10,word_1,LinearSVC,"{""C"": 1, ""class_weight"": ""balanced""}",0.43435281081291743,0.005961795002885418,0.4350770201519209,"[0.43458038607772265, 0.4439043141739663, 0.4321698085009766, 0.433493590861558, 0.4276159544503633]","[0.4351477449455676, 0.4438569206842924, 0.4332814930015552, 0.4343497199751089, 0.42874922215308026]",12.138739347457886,concluido,
169,word_charwb,LinearSVC,"{""C"": 1, ""class_weight"": null}",0.4341256098443453,0.010306386817578932,0.43457865617085434,"[0.44533314876838936, 0.4448221942949588, 0.4299718266193578, 0.4274942519827431, 0.4230066275562773]","[0.44510108864696735, 0.44510108864696735, 0.4307931570762053, 0.4284380833851898, 0.4234598630989421]",175.48053073883057,concluido,
122,charwb_35,LinearSVC,"{""C"": 0.01, ""class_weight"": ""balanced""}",0.43396586409516236,0.003687142546803442,0.4419210859178497,"[0.43880863398815007, 0.429406200728709, 0.43644117847188896, 0.43290720487702217, 0.43226610241004143]","[0.4463452566096423, 0.43670295489891137, 0.44510108864696735, 0.4399502177971375, 0.4415059116365899]",95.80320429801941,concluido,
40,word_1,SGD_log_loss,"{""alpha"": 0.001, ""class_weight"": ""balanced""}",0.4337732893616755,0.004139115248771505,0.44198329431598343,"[0.433563838092649, 0.440075347111444, 0.42866827947708463, 0.43433317484320405, 0.4322258072839958]","[0.4416796267496112, 0.44758942457231726, 0.4391912908242613, 0.4405724953329185, 0.44088363410080894]",8.730566263198853,concluido,
120,char_35,SGD_log_loss,"{""alpha"": 0.001, ""class_weight"": ""balanced""}",0.433564179003878,0.0026792569803870837,0.4409881341448426,"[0.43522486851608644, 0.4293259915657022, 0.4327873468423604, 0.4361805767332927, 0.4343021113619483]","[0.4419906687402799, 0.4373250388802488, 0.4413685847589425, 0.4433727442439328, 0.44088363410080894]",137.83379197120667,concluido,
82,char_35,LinearSVC,"{""C"": 0.01, ""class_weight"": ""balanced""}",0.4335320115684828,0.0024665218324464977,0.4417347316996693,"[0.4322366641794582, 0.43048554396426947, 0.43594111901841165, 0.4361872336222545, 0.43280949705802046]","[0.4401244167962675, 0.4385692068429238, 0.4441679626749611, 0.4439950217797137, 0.4418170504044804]",139.63965916633606,concluido,
2,word_1,LinearSVC,"{""C"": 0.01, ""class_weight"": ""balanced""}",0.43316868725107965,0.004617334451325792,0.4419832556050947,"[0.43174561368854647, 0.4406128053186877, 0.4295140406282667, 0.43440237847775776, 0.4295685981421394]","[0.4410575427682737, 0.44821150855365477, 0.43981337480559873, 0.44119477286869946, 0.43963907902924704]",8.649807214736938,concluido,
9,word_1,LinearSVC,"{""C"": 1, ""class_weight"": null}",0.4329414184012532,0.0073507130373446404,0.4335216166441337,"[0.4333538542730624, 0.44459623344472116, 0.4284874967090501, 0.4330912865024598, 0.42517822107697273]","[0.43359253499222394, 0.44447900466562984, 0.42954898911353034, 0.43403858120721844, 0.425948973242066]",12.368770837783813,concluido,
159,charwb_35,SGD_log_loss,"{""alpha"": 0.001, ""class_weight"": null}",0.432449795338531,0.003937499285724781,0.4397434242297259,"[0.43187260750715967, 0.42961841207288476, 0.43831896916764995, 0.4283742135669983, 0.4340647743779626]","[0.4385692068429238, 0.4379471228615863, 0.44665629860031103, 0.43497199751088983, 0.4405724953329185]",93.17702102661133,concluido,
80,word_12,SGD_log_loss,"{""alpha"": 0.001, ""class_weight"": ""balanced""}",0.43230916541082404,0.004358046182122294,0.4414237671307779,"[0.42665098836496956, 0.4348922722174544, 0.42950926937343725, 0.4377150311825067, 0.432778265915752]","[0.43670295489891137, 0.4432348367029549, 0.4401244167962675, 0.44492843808338517, 0.4421281891723709]",21.29342222213745,concluido,
154,charwb_35,SGD_hinge,"{""alpha"": 0.001, ""class_weight"": ""balanced""}",0.4321231534020904,0.006377652170245133,0.44696043069734764,"[0.4390171150687651, 0.43514070985303094, 0.4265242568061849, 0.424247645182853, 0.4356860400996179]","[0.4510108864696734, 0.44727838258164854, 0.44758942457231726, 0.4415059116365899, 0.44741754822650903]",93.85262393951416,concluido,
42,word_12,LinearSVC,"{""C"": 0.01, ""class_weight"": ""balanced""}",0.4320877269495,0.00432851521262206,0.4419838362684252,"[0.42680220756900367, 0.4328594173718789, 0.4292283829140307, 0.438125299010281, 0.43342332788230564]","[0.4373250388802488, 0.4423017107309487, 0.4401244167962675, 0.4458618543870566, 0.44430616054760425]",20.671121835708618,concluido,
36,word_1,SGD_log_loss,"{""alpha"": 1e-05, ""class_weight"": ""balanced""}",0.43179332412499727,0.006666996673929845,0.4328374210418843,"[0.4295708274711263, 0.4419403760447809, 0.4282200345172282, 0.4344991905290841, 0.4247361920627671]","[0.4304821150855365, 0.4413685847589425, 0.4307931570762053, 0.4362165525824518, 0.425326695706285]",10.07630729675293,concluido,
35,word_1,SGD_log_loss,"{""alpha"": 1e-05, ""class_weight"": null}",0.4317556450893337,0.007729937361538086,0.4327127526248402,"[0.4301198385999147, 0.4446858247914727, 0.42876502898566154, 0.4311900139265971, 0.42401751914302244]","[0.4304821150855365, 0.4441679626749611, 0.43141524105754275, 0.4327940261356565, 0.42470441817050403]",10.077760934829712,concluido,
119,char_35,SGD_log_loss,"{""alpha"": 0.001, ""class_weight"": null}",0.4314161489194926,0.00368832090386491,0.4394950164569666,"[0.4316259215343994, 0.42660409979323793, 0.4317778743346028, 0.4302127938518348, 0.43686005508338815]","[0.43950233281493, 0.4351477449455676, 0.44043545878693624, 0.43839452395768513, 0.4439950217797137]",138.39400815963745,concluido,
81,char_35,LinearSVC,"{""C"": 0.01, ""class_weight"": null}",0.4313866194611749,0.0025825087318674597,0.44042800694086237,"[0.43193659152834746, 0.42935748351400543, 0.4347568217655097, 0.4283067072790241, 0.43257549321898797]","[0.4410575427682737, 0.4379471228615863, 0.44292379471228616, 0.4374611076540137, 0.4427504667081518]",140.314204454422,concluido,
39,word_1,SGD_log_loss,"{""alpha"": 0.001, ""class_weight"": null}",0.43066982238950546,0.006766660631234536,0.43905955767003035,"[0.4205149803517452, 0.4367891066126435, 0.428407094626354, 0.4308499425582311, 0.43678798779855343]","[0.42954898911353034, 0.44447900466562984, 0.43888024883359256, 0.43808338518979467, 0.44430616054760425]",8.758241653442383,concluido,
91,char_35,LinearSVC,"{""C"": 3, ""class_weight"": null}",0.43063031137802676,0.009129561965869693,0.4310949471644758,"[0.441636686881626, 0.43539089107347156, 0.42623685737552974, 0.4322103166992031, 0.4176768048603033]","[0.4416796267496112, 0.4354587869362364, 0.42706065318818043, 0.4327940261356565, 0.41848164281269445]",268.79532766342163,concluido,
92,char_35,LinearSVC,"{""C"": 3, ""class_weight"": ""balanced""}",0.43033991827647944,0.008996494635008689,0.4308460555056078,"[0.44251572496931374, 0.4332396046120075, 0.4271045541730276, 0.43099736497114455, 0.41784234265690373]","[0.44261275272161743, 0.4332814930015552, 0.4279937791601866, 0.4315494710640946, 0.4187927815805849]",271.1060869693756,concluido,
121,charwb_35,LinearSVC,"{""C"": 0.01, ""class_weight"": null}",0.42995159399229044,0.004345313011575987,0.43837449107278514,"[0.4297549552012711, 0.43204200045061825, 0.4359637351841151, 0.4246346425788125, 0.42736263654663503]","[0.4376360808709176, 0.43981337480559873, 0.44447900466562984, 0.4327940261356565, 0.43714996888612323]",95.80412125587463,concluido,
1,word_1,LinearSVC,"{""C"": 0.01, ""class_weight"": null}",0.42969421555270887,0.004802281481450964,0.4385616195087395,"[0.4227304610205039, 0.4359854758716704, 0.42931199169122275, 0.42890409860666207, 0.431539050573485]","[0.43172628304821153, 0.44354587869362366, 0.43950233281493, 0.43714996888612323, 0.44088363410080894]",8.677129983901978,concluido,
153,charwb_35,SGD_hinge,"{""alpha"": 0.001, ""class_weight"": null}",0.4296742474076452,0.00955820648823534,0.44384956561544026,"[0.4429448278118892, 0.4350515910003104, 0.4181119884850331, 0.42523031539157835, 0.42703251434941475]","[0.45225505443234837, 0.44665629860031103, 0.4385692068429238, 0.4415059116365899, 0.440261356565028]",93.66286301612854,concluido,
52,word_12,LinearSVC,"{""C"": 3, ""class_weight"": ""balanced""}",0.42865937916553776,0.007664282168423011,0.4287933719216375,"[0.4284499519328473, 0.437536301326001, 0.4245846699427515, 0.4343932784093472, 0.4183326942167416]","[0.4279937791601866, 0.4373250388802488, 0.42519440124416796, 0.43497199751088983, 0.41848164281269445]",38.0408890247345,concluido,
110,char_35,SGD_hinge,"{""alpha"": 1e-05, ""class_weight"": ""balanced""}",0.4284697708192855,0.011083883039168695,0.42891713063279724,"[0.43909513482220425, 0.43351771484557244, 0.4274706044955452, 0.43218634649333976, 0.41007905343976575]","[0.43950233281493, 0.43390357698289267, 0.4283048211508554, 0.43186060983198504, 0.411014312383323]",166.43869376182556,concluido,
51,word_12,LinearSVC,"{""C"": 3, ""class_weight"": null}",0.4284554528275475,0.006802790940973977,0.4286068047935693,"[0.42815901843176807, 0.43627479864990576, 0.4243224533679783, 0.43386874486310195, 0.41965224882498336]","[0.4276827371695179, 0.43608087091757386, 0.42488335925349924, 0.43466085874299937, 0.41972619788425636]",38.16718125343323,concluido,
33,word_1,SGD_hinge,"{""alpha"": 0.001, ""class_weight"": null}",0.4278517990527943,0.011709101574986138,0.4409883470547304,"[0.43442923181283205, 0.4348465112886483, 0.4075730444194092, 0.43455968446397364, 0.42785052327910855]","[0.44447900466562984, 0.44354587869362366, 0.42923794712286156, 0.4483509645301805, 0.4393279402613566]",8.744194269180298,concluido,
132,charwb_35,LinearSVC,"{""C"": 3, ""class_weight"": ""balanced""}",0.4277991651687031,0.013570647443092453,0.4282320640355521,"[0.44369652670128096, 0.43946078302811875, 0.4265266811038421, 0.4140150901823331, 0.41529674482794016]","[0.4438569206842924, 0.43950233281493, 0.42737169517884915, 0.4144368388301182, 0.41599253266957065]",169.71587705612183,concluido,
131,charwb_35,LinearSVC,"{""C"": 3, ""class_weight"": null}",0.42777821001548527,0.012734588511256457,0.4281700298364175,"[0.44188722061379976, 0.4406123644229459, 0.42405275591376806, 0.4170322626437291, 0.41530644648318343]","[0.4419906687402799, 0.44074650077760497, 0.42488335925349924, 0.41723708774113255, 0.41599253266957065]",172.29767036437988,concluido,
150,charwb_35,SGD_hinge,"{""alpha"": 1e-05, ""class_weight"": ""balanced""}",0.4274372454224788,0.00841175794672083,0.42804590337181525,"[0.43447592535393825, 0.43619825798208106, 0.42869698348269186, 0.42110221753034455, 0.4167128427633384]","[0.4354587869362364, 0.43670295489891137, 0.4301710730948678, 0.4209707529558183, 0.4169259489732421]",113.26538157463074,concluido,
34,word_1,SGD_hinge,"{""alpha"": 0.001, ""class_weight"": ""balanced""}",0.42682008203744043,0.009402009933770225,0.44192153109306975,"[0.4296625776076087, 0.4323437153251029, 0.4110464903651447, 0.4349260521079952, 0.4261215747813509]","[0.44354587869362366, 0.44261275272161743, 0.4348367029548989, 0.4495955196017424, 0.4390168014934661]",8.808820009231567,concluido,
109,char_35,SGD_hinge,"{""alpha"": 1e-05, ""class_weight"": null}",0.4266515149000588,0.011047880218161764,0.4274237613241446,"[0.43834247189613745, 0.43013441191161367, 0.43029765447524876, 0.42587352740983603, 0.40860950880745833]","[0.4385692068429238, 0.431104199066874, 0.4304821150855365, 0.42750466708151835, 0.40945861854387056]",165.62320518493652,concluido,
149,charwb_35,SGD_hinge,"{""alpha"": 1e-05, ""class_weight"": null}",0.42600497346405763,0.011057280981338501,0.42686351798749833,"[0.4348159571358161, 0.4359652062983899, 0.42877227958382447, 0.4212607523090939, 0.4092106719931637]","[0.4370139968895801, 0.4363919129082426, 0.42986003110419907, 0.42190416925948976, 0.4091474797759801]",113.45069098472595,concluido,
172,word_charwb,LinearSVC,"{""C"": 3, ""class_weight"": ""balanced""}",0.4259088125562558,0.013758669968982342,0.4259924068591824,"[0.4429031267130219, 0.437067820345239, 0.42203935292751393, 0.41789290408515384, 0.40964085871035033]","[0.44261275272161743, 0.4370139968895801, 0.4223950233281493, 0.418170504044804, 0.409769757311761]",271.5379056930542,concluido,
41,word_12,LinearSVC,"{""C"": 0.01, ""class_weight"": null}",0.42579863322043454,0.005343486304452554,0.4366333527210367,"[0.41819733084741034, 0.4258522883556201, 0.42405543925719275, 0.428182404356703, 0.43270570328524666]","[0.4304821150855365, 0.4363919129082426, 0.4351477449455676, 0.43777224642190415, 0.4433727442439328]",20.878965854644775,concluido,
171,word_charwb,LinearSVC,"{""C"": 3, ""class_weight"": null}",0.4256546106446052,0.013917044280944806,0.4257436119775361,"[0.44267863551990744, 0.4366712345027443, 0.4207765963230185, 0.4200526003263641, 0.40809398655099166]","[0.4423017107309487, 0.43670295489891137, 0.42115085536547436, 0.42034847542003734, 0.40821406347230865]",282.9075782299042,concluido,
79,word_12,SGD_log_loss,"{""alpha"": 0.001, ""class_weight"": null}",0.4254562734436102,0.006244546143123091,0.4358866777444327,"[0.41578237462259837, 0.4269386125947812, 0.42480337517339306, 0.42666468193808954, 0.4330923228891889]","[0.4283048211508554, 0.4370139968895801, 0.43576982892690513, 0.4362165525824518, 0.4421281891723709]",21.398050546646118,concluido,
94,char_35,LinearSVC,"{""C"": 10, ""class_weight"": ""balanced""}",0.4248531061217286,0.011878146857766047,0.42505931959806487,"[0.4387534944369345, 0.4354910444394016, 0.42234984855160235, 0.4117217443301476, 0.4159493988505571]","[0.4385692068429238, 0.4354587869362364, 0.42270606531881805, 0.4122588674548849, 0.4163036714374611]",574.1909477710724,concluido,
93,char_35,LinearSVC,"{""C"": 10, ""class_weight"": null}",0.4245889947611345,0.011861612681567185,0.4248104472946411,"[0.4390576629951393, 0.4341859066515286, 0.4226845658404222, 0.41104233091249287, 0.41597450740608927]","[0.43888024883359256, 0.43421461897356145, 0.4230171073094868, 0.4116365899191039, 0.4163036714374611]",567.4413301944733,concluido,
30,word_1,SGD_hinge,"{""alpha"": 1e-05, ""class_weight"": ""balanced""}",0.4239750569809713,0.006625143588553504,0.424562213720881,"[0.42675012923435024, 0.4314780308538309, 0.42603490844672814, 0.42175703344187565, 0.41385518292807144]","[0.42706065318818043, 0.43141524105754275, 0.42674961119751165, 0.42314872433105166, 0.4144368388301182]",11.5491623878479,concluido,
29,word_1,SGD_hinge,"{""alpha"": 1e-05, ""class_weight"": null}",0.4238894606440584,0.0065580241702490995,0.42450004403363584,"[0.4278933360815728, 0.43206667474357713, 0.4221906593582058, 0.4226048153382933, 0.4146918176986431]","[0.42892690513219284, 0.43203732503888026, 0.4233281493001555, 0.42314872433105166, 0.4150591163658992]",11.567278861999512,concluido,
69,word_12,SGD_hinge,"{""alpha"": 1e-05, ""class_weight"": null}",0.423110342516045,0.007384794011453152,0.4231939386490481,"[0.42348005885074996, 0.43293468284658815, 0.41709117422791414, 0.4272092196861921, 0.41483657696878057]","[0.4230171073094868, 0.4329704510108865, 0.41741835147744943, 0.4271935283136279, 0.41537025513378967]",24.09880256652832,concluido,
11,word_1,LinearSVC,"{""C"": 3, ""class_weight"": null}",0.4226557201226802,0.007844246396776243,0.42282004953058205,"[0.42227679536327667, 0.43384377059052515, 0.42532955204765016, 0.41928828179579075, 0.4125402008161581]","[0.42208398133748054, 0.43359253499222394, 0.4261275272161742, 0.41972619788425636, 0.41257000622277534]",18.4565212726593,concluido,
12,word_1,LinearSVC,"{""C"": 3, ""class_weight"": ""balanced""}",0.4222801819573173,0.008600805468083892,0.42250889140724734,"[0.4243330119227288, 0.4350520253883488, 0.42220929149803116, 0.41804329386214684, 0.411763287115331]","[0.42426127527216173, 0.4348367029548989, 0.4230171073094868, 0.41848164281269445, 0.4119477286869944]",17.51666498184204,concluido,
133,charwb_35,LinearSVC,"{""C"": 10, ""class_weight"": null}",0.4221462051528754,0.012324549644740751,0.42219742359680285,"[0.44103265516356455, 0.4266705953784064, 0.419702648887262, 0.41318334077924335, 0.4101417855559005]","[0.44074650077760497, 0.4264385692068429, 0.42021772939346813, 0.4131922837585563, 0.410392034847542]",337.3030171394348,concluido,
134,charwb_35,LinearSVC,"{""C"": 10, ""class_weight"": ""balanced""}",0.42198701908257286,0.012578926189821824,0.42207292937875796,"[0.4409060873953033, 0.4272945290634447, 0.4197104849164128, 0.4116169358294354, 0.410407058208268]","[0.44074650077760497, 0.42706065318818043, 0.42021772939346813, 0.4116365899191039, 0.41070317361543246]",335.2633788585663,concluido,
70,word_12,SGD_hinge,"{""alpha"": 1e-05, ""class_weight"": ""balanced""}",0.4214171589955997,0.006054961860048591,0.42157593963424017,"[0.42621450167486824, 0.42538318780801454, 0.42328797919817623, 0.42099206613588885, 0.41120806016105066]","[0.4261275272161742, 0.42519440124416796, 0.4233281493001555, 0.4209707529558183, 0.4122588674548849]",24.043562173843384,concluido,
53,word_12,LinearSVC,"{""C"": 10, ""class_weight"": null}",0.42131207245737085,0.007461720260937527,0.4212024763355499,"[0.42905013804420195, 0.4289722976105607, 0.4187920407044712, 0.41760030719333446, 0.4121455787342862]","[0.4286158631415241, 0.4286158631415241, 0.4189735614307932, 0.41785936527691353, 0.4119477286869944]",76.1338517665863,concluido,
174,word_charwb,LinearSVC,"{""C"": 10, ""class_weight"": ""balanced""}",0.4213017415346174,0.014768877414687197,0.42126416213668616,"[0.443572765206798, 0.42580490635768536, 0.4157668763794935, 0.41775360060874794, 0.40361055912036226]","[0.4432348367029549, 0.4255054432348367, 0.4161741835147745, 0.41785936527691353, 0.40354698195395144]",659.5492804050446,concluido,
189,word_charwb,SGD_hinge,"{""alpha"": 1e-05, ""class_weight"": null}",0.421168702153168,0.015119678518825074,0.42151272475300033,"[0.4396381107457326, 0.4337739974736441, 0.41621064116667855, 0.41304922177625697, 0.40317153960352775]","[0.43950233281493, 0.4345256609642302, 0.41648522550544326, 0.4138145612943373, 0.403235843186061]",140.25902605056763,concluido,
173,word_charwb,LinearSVC,"{""C"": 10, ""class_weight"": null}",0.42074075655605536,0.014320310399743187,0.4207042284871495,"[0.44267339058685035, 0.42513651730471785, 0.41549658861856703, 0.41612099079344606, 0.4042762954766958]","[0.4423017107309487, 0.42488335925349924, 0.41586314152410575, 0.4163036714374611, 0.4041692594897324]",675.9243123531342,concluido,
190,word_charwb,SGD_hinge,"{""alpha"": 1e-05, ""class_weight"": ""balanced""}",0.42065211335975955,0.01307710468508625,0.42107718854428666,"[0.4326512148263106, 0.4330089929692771, 0.4226919996341987, 0.41162788999337246, 0.40328046937563905]","[0.432348367029549, 0.4329704510108865, 0.42426127527216173, 0.41132545115121344, 0.4044803982576229]",139.6778211593628,concluido,
54,word_12,LinearSVC,"{""C"": 10, ""class_weight"": ""balanced""}",0.4203540314237045,0.007525012528131254,0.4202692342308776,"[0.42870158950703585, 0.4277171132415052, 0.4174889674386884, 0.4163698447488953, 0.41149264218239767]","[0.4283048211508554, 0.42737169517884915, 0.4177293934681182, 0.41661481020535157, 0.41132545115121344]",76.16433811187744,concluido,
14,word_1,LinearSVC,"{""C"": 10, ""class_weight"": ""balanced""}",0.4174480015847129,0.007994310510922495,0.4175316776041057,"[0.42361031418899603, 0.42750461393324213, 0.41439881397311545, 0.41406531324238766, 0.4076609525858234]","[0.4233281493001555, 0.42737169517884915, 0.4152410575427683, 0.41412570006222776, 0.4075917859365277]",37.72663402557373,concluido,
13,word_1,LinearSVC,"{""C"": 10, ""class_weight"": null}",0.417376785596087,0.008439721654450649,0.41740714467517215,"[0.4239825763222081, 0.42691499123236815, 0.41606981136349136, 0.41434717952310746, 0.40556936953926]","[0.4236391912908243, 0.42674961119751165, 0.416796267496112, 0.4144368388301182, 0.40541381456129433]",35.91314125061035,concluido,
