modelo,fold,repeticao,f1_macro,accuracy,cohen_kappa,melhores_parametros
MultinomialNB,1,1,0.44980543551073904,0.44976671850699845,0.1719066777635604,"{""modelo__alpha"": 0.5, ""tfidf__min_df"": 1, ""tfidf__ngram_range"": [1, 2]}"
MultinomialNB,2,1,0.4661877329333697,0.46749611197511665,0.19973875572235167,"{""modelo__alpha"": 0.1, ""tfidf__min_df"": 1, ""tfidf__ngram_range"": [1, 2]}"
MultinomialNB,3,1,0.4523540214969887,0.4528771384136858,0.17844182752142912,"{""modelo__alpha"": 0.5, ""tfidf__min_df"": 1, ""tfidf__ngram_range"": [1, 1]}"
MultinomialNB,4,1,0.44179199592836965,0.44555071561916615,0.16569059708713052,"{""modelo__alpha"": 0.5, ""tfidf__min_df"": 2, ""tfidf__ngram_range"": [1, 2]}"
MultinomialNB,5,1,0.4485632757309548,0.4492843808338519,0.17329072082129438,"{""modelo__alpha"": 0.1, ""tfidf__min_df"": 1, ""tfidf__ngram_range"": [1, 2]}"
MultinomialNB,6,2,0.44345570347104335,0.44292379471228616,0.16275396455078062,"{""modelo__alpha"": 0.5, ""tfidf__min_df"": 1, ""tfidf__ngram_range"": [1, 1]}"
MultinomialNB,7,2,0.46635854390636294,0.46531881804043546,0.19645661208694454,"{""modelo__alpha"": 0.5, ""tfidf__min_df"": 1, ""tfidf__ngram_range"": [1, 1]}"
MultinomialNB,8,2,0.44951741400443784,0.44914463452566095,0.17147808357037553,"{""modelo__alpha"": 0.5, ""tfidf__min_df"": 1, ""tfidf__ngram_range"": [1, 2]}"
MultinomialNB,9,2,0.4563451536589119,0.4561294337274424,0.18198252977032914,"{""modelo__alpha"": 2.0, ""tfidf__min_df"": 2, ""tfidf__ngram_range"": [1, 1]}"
MultinomialNB,10,2,0.4580282268719584,0.4595519601742377,0.18837522481455482,"{""modelo__alpha"": 0.1, ""tfidf__min_df"": 1, ""tfidf__ngram_range"": [1, 2]}"
MultinomialNB,11,3,0.445619556681263,0.44447900466562984,0.16453848163989382,"{""modelo__alpha"": 0.5, ""tfidf__min_df"": 1, ""tfidf__ngram_range"": [1, 2]}"
MultinomialNB,12,3,0.45910402189174176,0.45816485225505443,0.18479204630292323,"{""modelo__alpha"": 0.5, ""tfidf__min_df"": 1, ""tfidf__ngram_range"": [1, 2]}"
MultinomialNB,13,3,0.4475817193709908,0.44727838258164854,0.16924146499432757,"{""modelo__alpha"": 0.5, ""tfidf__min_df"": 1, ""tfidf__ngram_range"": [1, 1]}"
MultinomialNB,14,3,0.4629418128961367,0.4620410703173615,0.19107967237961476,"{""modelo__alpha"": 0.5, ""tfidf__min_df"": 1, ""tfidf__ngram_range"": [1, 2]}"
MultinomialNB,15,3,0.45467631197609576,0.455196017423771,0.18139365067820645,"{""modelo__alpha"": 0.1, ""tfidf__min_df"": 1, ""tfidf__ngram_range"": [1, 2]}"
MultinomialNB,16,4,0.4473662238301149,0.44821150855365477,0.16964445342568757,"{""modelo__alpha"": 1.0, ""tfidf__min_df"": 2, ""tfidf__ngram_range"": [1, 2]}"
MultinomialNB,17,4,0.46119171850954377,0.4600311041990669,0.18786408854796466,"{""modelo__alpha"": 0.5, ""tfidf__min_df"": 1, ""tfidf__ngram_range"": [1, 2]}"
MultinomialNB,18,4,0.44490221007050373,0.44447900466562984,0.1653757973967297,"{""modelo__alpha"": 0.5, ""tfidf__min_df"": 1, ""tfidf__ngram_range"": [1, 1]}"
MultinomialNB,19,4,0.44840985677436956,0.4477286869943995,0.16941182910952501,"{""modelo__alpha"": 0.5, ""tfidf__min_df"": 1, ""tfidf__ngram_range"": [1, 2]}"
MultinomialNB,20,4,0.45160796745074044,0.4523957685127567,0.17778288132981768,"{""modelo__alpha"": 0.1, ""tfidf__min_df"": 1, ""tfidf__ngram_range"": [1, 2]}"
MultinomialNB,21,5,0.4471656314949799,0.45132192846034214,0.17463120979313174,"{""modelo__alpha"": 0.5, ""tfidf__min_df"": 2, ""tfidf__ngram_range"": [1, 2]}"
MultinomialNB,22,5,0.4640329157713734,0.46283048211508554,0.19191549460583746,"{""modelo__alpha"": 0.5, ""tfidf__min_df"": 1, ""tfidf__ngram_range"": [1, 2]}"
MultinomialNB,23,5,0.4471832568803458,0.4485225505443235,0.17196891067520714,"{""modelo__alpha"": 0.1, ""tfidf__min_df"": 1, ""tfidf__ngram_range"": [1, 2]}"
MultinomialNB,24,5,0.44421049500681914,0.4439950217797137,0.16304144603321746,"{""modelo__alpha"": 1.0, ""tfidf__min_df"": 1, ""tfidf__ngram_range"": [1, 1]}"
MultinomialNB,25,5,0.4417692202529346,0.4433727442439328,0.16314861903452693,"{""modelo__alpha"": 0.5, ""tfidf__min_df"": 2, ""tfidf__ngram_range"": [1, 2]}"
MultinomialNB,26,6,0.45669575849398525,0.45847589424572316,0.18664980480403237,"{""modelo__alpha"": 0.1, ""tfidf__min_df"": 1, ""tfidf__ngram_range"": [1, 2]}"
MultinomialNB,27,6,0.45637302612885056,0.4575427682737169,0.1849820497084549,"{""modelo__alpha"": 1.0, ""tfidf__min_df"": 2, ""tfidf__ngram_range"": [1, 1]}"
MultinomialNB,28,6,0.4362862368130147,0.43608087091757386,0.15240717412443228,"{""modelo__alpha"": 0.5, ""tfidf__min_df"": 1, ""tfidf__ngram_range"": [1, 1]}"
MultinomialNB,29,6,0.4536303118815445,0.4523957685127567,0.17610953007872232,"{""modelo__alpha"": 0.5, ""tfidf__min_df"": 1, ""tfidf__ngram_range"": [1, 2]}"
MultinomialNB,30,6,0.44826626837236433,0.4511512134411948,0.17562254754986928,"{""modelo__alpha"": 0.1, ""tfidf__min_df"": 1, ""tfidf__ngram_range"": [1, 2]}"
MultinomialNB,31,7,0.4489486769765149,0.4506998444790047,0.17441728752335084,"{""modelo__alpha"": 0.1, ""tfidf__min_df"": 1, ""tfidf__ngram_range"": [1, 2]}"
MultinomialNB,32,7,0.44716687247342196,0.4454121306376361,0.1666104516344763,"{""modelo__alpha"": 0.5, ""tfidf__min_df"": 1, ""tfidf__ngram_range"": [1, 2]}"
MultinomialNB,33,7,0.45690582771878024,0.45847589424572316,0.186719175565345,"{""modelo__alpha"": 0.1, ""tfidf__min_df"": 1, ""tfidf__ngram_range"": [1, 2]}"
MultinomialNB,34,7,0.45461527000077,0.455196017423771,0.18154556134604505,"{""modelo__alpha"": 0.5, ""tfidf__min_df"": 1, ""tfidf__ngram_range"": [1, 1]}"
MultinomialNB,35,7,0.45439981787849826,0.4561294337274424,0.18311818607451014,"{""modelo__alpha"": 0.1, ""tfidf__min_df"": 1, ""tfidf__ngram_range"": [1, 1]}"
MultinomialNB,36,8,0.4421888912003653,0.44261275272161743,0.16189079652145577,"{""modelo__alpha"": 0.5, ""tfidf__min_df"": 1, ""tfidf__ngram_range"": [1, 1]}"
MultinomialNB,37,8,0.4523590098524683,0.4506998444790047,0.17402202534223643,"{""modelo__alpha"": 0.5, ""tfidf__min_df"": 1, ""tfidf__ngram_range"": [1, 2]}"
MultinomialNB,38,8,0.4634865396997734,0.46314152410575427,0.19303734421248908,"{""modelo__alpha"": 0.5, ""tfidf__min_df"": 1, ""tfidf__ngram_range"": [1, 1]}"
MultinomialNB,39,8,0.45464327167134605,0.45457373988799005,0.18010848372787758,"{""modelo__alpha"": 0.5, ""tfidf__min_df"": 1, ""tfidf__ngram_range"": [1, 1]}"
MultinomialNB,40,8,0.43184177048722755,0.4315494710640946,0.1459170916855329,"{""modelo__alpha"": 0.5, ""tfidf__min_df"": 1, ""tfidf__ngram_range"": [1, 1]}"
MultinomialNB,41,9,0.4483985328971691,0.4510108864696734,0.17522561301668182,"{""modelo__alpha"": 0.1, ""tfidf__min_df"": 1, ""tfidf__ngram_range"": [1, 2]}"
MultinomialNB,42,9,0.4550695868717652,0.4553654743390358,0.1816026266801093,"{""modelo__alpha"": 0.5, ""tfidf__min_df"": 1, ""tfidf__ngram_range"": [1, 1]}"
MultinomialNB,43,9,0.4529456559363101,0.45194401244167964,0.1760542095511929,"{""modelo__alpha"": 0.5, ""tfidf__min_df"": 1, ""tfidf__ngram_range"": [1, 2]}"
MultinomialNB,44,9,0.447560475729214,0.44741754822650903,0.16987077732120537,"{""modelo__alpha"": 0.1, ""tfidf__min_df"": 1, ""tfidf__ngram_range"": [1, 2]}"
MultinomialNB,45,9,0.45611622325783774,0.45892968263845674,0.18737301671999218,"{""modelo__alpha"": 0.1, ""tfidf__min_df"": 1, ""tfidf__ngram_range"": [1, 1]}"
MultinomialNB,46,10,0.445392494766146,0.4463452566096423,0.16844270054797306,"{""modelo__alpha"": 1.0, ""tfidf__min_df"": 2, ""tfidf__ngram_range"": [1, 1]}"
MultinomialNB,47,10,0.44664076460153623,0.4463452566096423,0.16812152487553145,"{""modelo__alpha"": 0.1, ""tfidf__min_df"": 1, ""tfidf__ngram_range"": [1, 2]}"
MultinomialNB,48,10,0.4563324972446347,0.45629860031104197,0.18235411282507008,"{""modelo__alpha"": 0.5, ""tfidf__min_df"": 1, ""tfidf__ngram_range"": [1, 1]}"
MultinomialNB,49,10,0.4591844032802503,0.4598630989421282,0.1885248965386347,"{""modelo__alpha"": 0.5, ""tfidf__min_df"": 1, ""tfidf__ngram_range"": [1, 1]}"
MultinomialNB,50,10,0.45092675170751767,0.4520846297448662,0.1768292097618358,"{""modelo__alpha"": 0.1, ""tfidf__min_df"": 1, ""tfidf__ngram_range"": [1, 2]}"
ComplementNB,1,1,0.45274693479627875,0.45132192846034214,0.17559105492614457,"{""modelo__alpha"": 2.0, ""tfidf__min_df"": 1, ""tfidf__ngram_range"": [1, 2]}"
ComplementNB,2,1,0.4729808066039538,0.47402799377916016,0.21008530221195265,"{""modelo__alpha"": 0.5, ""tfidf__min_df"": 1, ""tfidf__ngram_range"": [1, 2]}"
ComplementNB,3,1,0.450465369575663,0.4503888024883359,0.17551025680360555,"{""modelo__alpha"": 1.0, ""tfidf__min_df"": 1, ""tfidf__ngram_range"": [1, 2]}"
ComplementNB,4,1,0.44774383043517046,0.44866210329807094,0.1715673083161131,"{""modelo__alpha"": 0.5, ""tfidf__min_df"": 1, ""tfidf__ngram_range"": [1, 2]}"
ComplementNB,5,1,0.453200570197373,0.45332918481642814,0.17969900302960928,"{""modelo__alpha"": 0.5, ""tfidf__min_df"": 1, ""tfidf__ngram_range"": [1, 2]}"
ComplementNB,6,2,0.44669960370914885,0.4454121306376361,0.1670097289209982,"{""modelo__alpha"": 1.0, ""tfidf__min_df"": 1, ""tfidf__ngram_range"": [1, 2]}"
ComplementNB,7,2,0.4617071436352811,0.4618973561430793,0.19243518987308705,"{""modelo__alpha"": 0.5, ""tfidf__min_df"": 1, ""tfidf__ngram_range"": [1, 2]}"
ComplementNB,8,2,0.45482697177586323,0.455054432348367,0.18183996967130844,"{""modelo__alpha"": 0.5, ""tfidf__min_df"": 1, ""tfidf__ngram_range"": [1, 2]}"
ComplementNB,9,2,0.46288600436997207,0.4620410703173615,0.19195985657411985,"{""modelo__alpha"": 1.0, ""tfidf__min_df"": 1, ""tfidf__ngram_range"": [1, 2]}"
ComplementNB,10,2,0.4515642152450539,0.4511512134411948,0.17590941465470877,"{""modelo__alpha"": 1.0, ""tfidf__min_df"": 1, ""tfidf__ngram_range"": [1, 2]}"
ComplementNB,11,3,0.44741035899094966,0.44665629860031103,0.1688310008611803,"{""modelo__alpha"": 1.0, ""tfidf__min_df"": 1, ""tfidf__ngram_range"": [1, 2]}"
ComplementNB,12,3,0.4657826871634036,0.4665629860031104,0.19882066448309943,"{""modelo__alpha"": 0.5, ""tfidf__min_df"": 1, ""tfidf__ngram_range"": [1, 2]}"
ComplementNB,13,3,0.4577470945795117,0.45629860031104197,0.1833315241076775,"{""modelo__alpha"": 1.0, ""tfidf__min_df"": 1, ""tfidf__ngram_range"": [1, 2]}"
ComplementNB,14,3,0.46429438314801574,0.46639701306782827,0.19936326835821694,"{""modelo__alpha"": 0.5, ""tfidf__min_df"": 1, ""tfidf__ngram_range"": [1, 2]}"
ComplementNB,15,3,0.4455608696744595,0.44492843808338517,0.16660971465223928,"{""modelo__alpha"": 2.0, ""tfidf__min_df"": 1, ""tfidf__ngram_range"": [1, 1]}"
ComplementNB,16,4,0.4460424891164532,0.4457231726283048,0.167769938423055,"{""modelo__alpha"": 2.0, ""tfidf__min_df"": 1, ""tfidf__ngram_range"": [1, 1]}"
ComplementNB,17,4,0.4561696972116396,0.4547433903576983,0.18102669719612674,"{""modelo__alpha"": 1.0, ""tfidf__min_df"": 1, ""tfidf__ngram_range"": [1, 2]}"
ComplementNB,18,4,0.4532213278392491,0.45443234836702956,0.181222230304815,"{""modelo__alpha"": 0.5, ""tfidf__min_df"": 1, ""tfidf__ngram_range"": [1, 2]}"
ComplementNB,19,4,0.45443605071207444,0.45395146235220907,0.17975818690200396,"{""modelo__alpha"": 1.0, ""tfidf__min_df"": 1, ""tfidf__ngram_range"": [1, 2]}"
ComplementNB,20,4,0.4571138869919839,0.45737398879900437,0.18566192601184683,"{""modelo__alpha"": 0.5, ""tfidf__min_df"": 1, ""tfidf__ngram_range"": [1, 2]}"
ComplementNB,21,5,0.4520170870661519,0.45381026438569205,0.1797901015582788,"{""modelo__alpha"": 0.5, ""tfidf__min_df"": 1, ""tfidf__ngram_range"": [1, 2]}"
ComplementNB,22,5,0.4567357218142443,0.45598755832037324,0.18293853172802976,"{""modelo__alpha"": 1.0, ""tfidf__min_df"": 1, ""tfidf__ngram_range"": [1, 2]}"
ComplementNB,23,5,0.44736610601756494,0.44696734059097976,0.1701723872371108,"{""modelo__alpha"": 1.0, ""tfidf__min_df"": 1, ""tfidf__ngram_range"": [1, 2]}"
ComplementNB,24,5,0.4446233389249435,0.44368388301182327,0.1642906005975262,"{""modelo__alpha"": 2.0, ""tfidf__min_df"": 1, ""tfidf__ngram_range"": [1, 1]}"
ComplementNB,25,5,0.449227847225178,0.4495955196017424,0.1740182618948416,"{""modelo__alpha"": 0.5, ""tfidf__min_df"": 1, ""tfidf__ngram_range"": [1, 2]}"
ComplementNB,26,6,0.45270706200708033,0.45194401244167964,0.17709396648689057,"{""modelo__alpha"": 1.0, ""tfidf__min_df"": 1, ""tfidf__ngram_range"": [1, 2]}"
ComplementNB,27,6,0.4521922976600076,0.4556765163297045,0.1837922206639946,"{""modelo__alpha"": 1.0, ""tfidf__min_df"": 1, ""tfidf__ngram_range"": [1, 1]}"
ComplementNB,28,6,0.44308779324892306,0.4416796267496112,0.16108570381913756,"{""modelo__alpha"": 1.0, ""tfidf__min_df"": 1, ""tfidf__ngram_range"": [1, 2]}"
ComplementNB,29,6,0.46085416336506424,0.4595519601742377,0.18800077087825573,"{""modelo__alpha"": 1.0, ""tfidf__min_df"": 1, ""tfidf__ngram_range"": [1, 2]}"
ComplementNB,30,6,0.4563281336078244,0.4579962663347853,0.1865569191263997,"{""modelo__alpha"": 0.5, ""tfidf__min_df"": 1, ""tfidf__ngram_range"": [1, 2]}"
ComplementNB,31,7,0.44678243783138755,0.44821150855365477,0.17111863472721112,"{""modelo__alpha"": 0.5, ""tfidf__min_df"": 1, ""tfidf__ngram_range"": [1, 2]}"
ComplementNB,32,7,0.4512825923827093,0.45132192846034214,0.1768215417566471,"{""modelo__alpha"": 1.0, ""tfidf__min_df"": 1, ""tfidf__ngram_range"": [1, 2]}"
ComplementNB,33,7,0.4520974940114506,0.4510108864696734,0.17571910091468068,"{""modelo__alpha"": 1.0, ""tfidf__min_df"": 1, ""tfidf__ngram_range"": [1, 2]}"
ComplementNB,34,7,0.4516608331059185,0.4548848786558805,0.18279324578906742,"{""modelo__alpha"": 1.0, ""tfidf__min_df"": 1, ""tfidf__ngram_range"": [1, 1]}"
ComplementNB,35,7,0.4510492109496313,0.44990665836963284,0.17353581857427902,"{""modelo__alpha"": 1.0, ""tfidf__min_df"": 1, ""tfidf__ngram_range"": [1, 2]}"
ComplementNB,36,8,0.4490784031133445,0.44914463452566095,0.17281331642474995,"{""modelo__alpha"": 0.5, ""tfidf__min_df"": 1, ""tfidf__ngram_range"": [1, 2]}"
ComplementNB,37,8,0.4515630685679337,0.4506998444790047,0.17526370705068917,"{""modelo__alpha"": 1.0, ""tfidf__min_df"": 1, ""tfidf__ngram_range"": [1, 2]}"
ComplementNB,38,8,0.46421487334568984,0.464696734059098,0.19623598900619987,"{""modelo__alpha"": 0.5, ""tfidf__min_df"": 1, ""tfidf__ngram_range"": [1, 2]}"
ComplementNB,39,8,0.456274992147595,0.455196017423771,0.18128718436929736,"{""modelo__alpha"": 2.0, ""tfidf__min_df"": 1, ""tfidf__ngram_range"": [1, 2]}"
ComplementNB,40,8,0.43706983407017447,0.43777224642190415,0.15608367005282442,"{""modelo__alpha"": 0.5, ""tfidf__min_df"": 1, ""tfidf__ngram_range"": [1, 2]}"
ComplementNB,41,9,0.4452275502754451,0.4447900466562986,0.166134612858566,"{""modelo__alpha"": 1.0, ""tfidf__min_df"": 1, ""tfidf__ngram_range"": [1, 2]}"
ComplementNB,42,9,0.45884323568515645,0.4603421461897356,0.1897689689878127,"{""modelo__alpha"": 0.5, ""tfidf__min_df"": 1, ""tfidf__ngram_range"": [1, 2]}"
ComplementNB,43,9,0.45021857631840434,0.4488335925349922,0.17230235289536833,"{""modelo__alpha"": 2.0, ""tfidf__min_df"": 1, ""tfidf__ngram_range"": [1, 2]}"
ComplementNB,44,9,0.44927858055698117,0.4489732420659614,0.17284504982407678,"{""modelo__alpha"": 0.5, ""tfidf__min_df"": 1, ""tfidf__ngram_range"": [1, 2]}"
ComplementNB,45,9,0.4521722553650602,0.4520846297448662,0.17748201567445832,"{""modelo__alpha"": 0.5, ""tfidf__min_df"": 1, ""tfidf__ngram_range"": [1, 2]}"
ComplementNB,46,10,0.44978066249452947,0.4488335925349922,0.17274260820345422,"{""modelo__alpha"": 1.0, ""tfidf__min_df"": 1, ""tfidf__ngram_range"": [1, 2]}"
ComplementNB,47,10,0.449979480992654,0.44976671850699845,0.17368107682758727,"{""modelo__alpha"": 0.5, ""tfidf__min_df"": 1, ""tfidf__ngram_range"": [1, 2]}"
ComplementNB,48,10,0.4495912459243685,0.44821150855365477,0.1708661899235574,"{""modelo__alpha"": 1.0, ""tfidf__min_df"": 1, ""tfidf__ngram_range"": [1, 2]}"
ComplementNB,49,10,0.45463596089738667,0.4548848786558805,0.18182812823972816,"{""modelo__alpha"": 1.0, ""tfidf__min_df"": 1, ""tfidf__ngram_range"": [1, 2]}"
ComplementNB,50,10,0.45233183791928216,0.4523957685127567,0.17762676795328702,"{""modelo__alpha"": 0.5, ""tfidf__min_df"": 1, ""tfidf__ngram_range"": [1, 2]}"
