método,f1_macro,accuracy,kappa,f1_dp
sozinho: bert,0.4536270816574364,0.45900402414486924,0.18870513185001536,0.0
sozinho: bert + viés,0.46115545998487645,0.46046277665995977,0.18867446904512392,0.0022202025371743056
sozinho: bert_ep4,0.4474031869350843,0.45020120724346074,0.17264605856459359,0.0
sozinho: bert_ep4 + viés,0.44939111222064787,0.45030181086519117,0.17208823815850005,0.002414218504168987
sozinho: svc_wc,0.4552196654067074,0.46101609657947684,0.19060526341287598,0.0
sozinho: svc_wc + viés,0.45744085477956425,0.4603118712273642,0.1858347759701078,0.0031363762044139608
sozinho: cnb,0.4496491130984371,0.4522132796780684,0.17772721601404695,0.0
sozinho: cnb + viés,0.4447060657055104,0.44416498993963777,0.1648718956784143,0.0033678526947506955
média simples,0.4649457818931254,0.46931589537223334,0.20324470345240755,5.551115123125783e-17
média simples + viés,0.4618844094173243,0.4633802816901408,0.19434025133048352,0.00169874666791282
média ponderada,0.4645204244023916,0.469466800804829,0.2033964012554465,0.002904912250944379
média ponderada + viés,0.47034489923141176,0.469215291750503,0.20333226915946864,0.004258742169795602
stacking (LogReg),0.46082946413330833,0.4625754527162978,0.19290410020702675,0.0024623798368725936
stacking (LogReg) + viés,0.46100033326760304,0.46006036217303825,0.18805994183432487,0.002925992037805271
