modelo,decodificacao,f1_macro,accuracy,kappa,kappa_quadratico,f1_c1,f1_c234,f1_c5,delta_f1_vs_baseline
LR_word12,multiclasse,0.4476597155790856,0.45558596665837275,0.1798148906752146,0.2709186863732669,0.4331965344277246,0.37795886689949554,0.5318237454100367,-0.030167705748787133
LR_word12,binarios,0.4517471920680669,0.45210251306295096,0.1791946425749238,0.28890365001167806,0.48812568505663134,0.3754240482472672,0.4916918429003021,-0.026080229259805854
LR_word12,binarios_soma,0.4468377575367111,0.4453844239860662,0.16723595079466447,0.29445937110045906,0.4576,0.3843991567111736,0.4985141158989599,-0.030989663791161637
LR_word1,multiclasse,0.4468833611800744,0.45359542174670314,0.1775844977750477,0.2699676400284682,0.4493006993006993,0.3670233848592945,0.5243259993802293,-0.03094406014779838
LR_word1,binarios,0.45832018378673817,0.4588206021398358,0.18784424284644752,0.2920254905429437,0.47269890795631825,0.3897168405365127,0.5125448028673835,-0.019507237541134592
LR_word1,binarios_soma,0.4385421809904946,0.4386663349091814,0.15786227744131187,0.2907718077435302,0.46414803392444104,0.3520237653174898,0.4994547437295529,-0.03928524033737818
SVC_word12,multiclasse,0.47782742132787276,0.47997014182632497,0.2188855082822383,0.3335881048252911,0.5028203062046737,0.39248754311996936,0.5381744146589752,0.0
SVC_word12,binarios,0.4703909046783627,0.4705150534958945,0.2062140867607245,0.346317066247923,0.522880720180045,0.37588918008236616,0.5124028137726768,-0.007436516649510061
SVC_word12,binarios_soma,0.4523966146555127,0.45309778551878577,0.17970772144820302,0.33676424261376403,0.4946564885496183,0.344256120527307,0.5182772348896127,-0.025430806672360085
